Hz,S11_A,S11_p,S21_A,S21_p,S12_A,S12_p,S22_A,S22_p
10.0000,-1.043721E+001,-7.244547E+001,-4.462597E-001,1.763867E+001,-4.562500E-001,1.755870E+001,-1.030427E+001,-7.252108E+001
15.0000,-1.359263E+001,-7.728786E+001,-2.267058E-001,1.178090E+001,-2.278366E-001,1.178360E+001,-1.360147E+001,-7.739736E+001
20.0000,-1.589574E+001,-8.038602E+001,-1.460007E-001,8.725577E+000,-1.464160E-001,8.717477E+000,-1.593484E+001,-8.032076E+001
25.0000,-1.775849E+001,-8.281037E+001,-1.059998E-001,6.827153E+000,-1.070235E-001,6.827840E+000,-1.780933E+001,-8.248154E+001
30.0000,-1.936385E+001,-8.443503E+001,-8.396071E-002,5.521192E+000,-8.560219E-002,5.520287E+000,-1.938962E+001,-8.411050E+001
35.0000,-2.075653E+001,-8.533443E+001,-7.045925E-002,4.547465E+000,-7.240313E-002,4.543762E+000,-2.075978E+001,-8.512406E+001
40.0000,-2.194020E+001,-8.563836E+001,-6.299338E-002,3.789953E+000,-6.530253E-002,3.793089E+000,-2.191331E+001,-8.572993E+001
45.0000,-2.292448E+001,-8.557943E+001,-5.741675E-002,3.176713E+000,-5.930492E-002,3.179559E+000,-2.289802E+001,-8.578118E+001
50.0000,-2.381379E+001,-8.488634E+001,-4.996660E-002,2.662050E+000,-5.363007E-002,2.741760E+000,-2.377739E+001,-8.526173E+001
55.0000,-2.442033E+001,-8.618652E+001,-5.166849E-002,2.225288E+000,-5.251286E-002,2.233682E+000,-2.441497E+001,-8.585669E+001
60.0000,-2.504671E+001,-8.648759E+001,-5.023561E-002,1.852039E+000,-4.699477E-002,1.840919E+000,-2.514345E+001,-8.611102E+001
65.0000,-2.570978E+001,-8.696127E+001,-4.816162E-002,1.512097E+000,-4.990184E-002,1.514408E+000,-2.570646E+001,-8.611061E+001
70.0000,-2.635520E+001,-8.728246E+001,-4.716239E-002,1.212856E+000,-4.862110E-002,1.212623E+000,-2.626669E+001,-8.648536E+001
75.0000,-2.695272E+001,-8.704848E+001,-4.852838E-002,9.345824E-001,-4.926340E-002,9.418083E-001,-2.679147E+001,-8.674451E+001
80.0000,-2.750881E+001,-8.716460E+001,-4.588642E-002,6.862015E-001,-4.792960E-002,6.893569E-001,-2.732207E+001,-8.704137E+001
85.0000,-2.796708E+001,-8.678802E+001,-4.530946E-002,4.520468E-001,-4.766191E-002,4.518395E-001,-2.780251E+001,-8.677361E+001
90.0000,-2.834967E+001,-8.650472E+001,-4.524665E-002,2.297127E-001,-4.709704E-002,2.346872E-001,-2.823455E+001,-8.651367E+001
95.0000,-2.866428E+001,-8.651241E+001,-4.515949E-002,2.533803E-002,-4.704251E-002,2.615075E-002,-2.861114E+001,-8.605634E+001
100.0000,-2.895009E+001,-8.686558E+001,-4.496796E-002,-1.713772E-001,-4.722545E-002,-1.674895E-001,-2.892843E+001,-8.580305E+001
110.0000,-2.952959E+001,-8.704575E+001,-4.522028E-002,-5.372831E-001,-4.740476E-002,-5.333116E-001,-2.945833E+001,-8.610925E+001
120.0000,-3.015817E+001,-8.693189E+001,-4.555875E-002,-8.721420E-001,-4.762503E-002,-8.767968E-001,-2.996808E+001,-8.683566E+001
130.0000,-3.056705E+001,-8.653388E+001,-4.603381E-002,-1.192204E+000,-4.824509E-002,-1.188707E+000,-3.051418E+001,-8.720850E+001
140.0000,-3.088221E+001,-8.614159E+001,-4.677901E-002,-1.485594E+000,-4.861958E-002,-1.487382E+000,-3.087051E+001,-8.664298E+001
150.0000,-3.113219E+001,-8.558999E+001,-4.558417E-002,-1.776943E+000,-4.897685E-002,-1.779555E+000,-3.114414E+001,-8.651519E+001
160.0000,-3.144721E+001,-8.542889E+001,-4.786577E-002,-2.050927E+000,-5.004175E-002,-2.050764E+000,-3.135660E+001,-8.638070E+001
170.0000,-3.170914E+001,-8.477531E+001,-4.846229E-002,-2.314995E+000,-5.078365E-002,-2.312813E+000,-3.157048E+001,-8.659133E+001
180.0000,-3.182541E+001,-8.501793E+001,-4.981142E-002,-2.570987E+000,-5.205261E-002,-2.573566E+000,-3.175498E+001,-8.623184E+001
190.0000,-3.190417E+001,-8.567720E+001,-5.057845E-002,-2.826648E+000,-5.265098E-002,-2.823956E+000,-3.184329E+001,-8.630923E+001
200.0000,-3.205157E+001,-8.685773E+001,-5.302541E-002,-3.058788E+000,-5.300047E-002,-3.073486E+000,-3.189274E+001,-8.659092E+001
210.0000,-3.216130E+001,-8.738512E+001,-5.264896E-002,-3.309654E+000,-5.413722E-002,-3.308449E+000,-3.190613E+001,-8.708685E+001
220.0000,-3.213024E+001,-8.778142E+001,-5.389593E-002,-3.540763E+000,-5.569277E-002,-3.545032E+000,-3.198205E+001,-8.769718E+001
230.0000,-3.212944E+001,-8.843887E+001,-5.560181E-002,-3.771137E+000,-5.646210E-002,-3.771009E+000,-3.197649E+001,-8.772758E+001
240.0000,-3.217485E+001,-8.869219E+001,-5.675879E-002,-4.003783E+000,-5.794368E-002,-4.001613E+000,-3.192804E+001,-8.779386E+001
250.0000,-3.217045E+001,-8.885967E+001,-5.651491E-002,-4.225721E+000,-5.979015E-002,-4.226608E+000,-3.196884E+001,-8.856126E+001
260.0000,-3.201152E+001,-8.864293E+001,-5.908921E-002,-4.449617E+000,-6.093662E-002,-4.453865E+000,-3.176633E+001,-8.908118E+001
270.0000,-3.191140E+001,-8.925034E+001,-6.040543E-002,-4.672828E+000,-6.177034E-002,-4.671384E+000,-3.178667E+001,-9.029063E+001
280.0000,-3.190752E+001,-8.989977E+001,-6.161660E-002,-4.887194E+000,-6.279285E-002,-4.892498E+000,-3.170401E+001,-9.038223E+001
290.0000,-3.186019E+001,-9.038270E+001,-6.264275E-002,-5.106078E+000,-6.327176E-002,-5.107608E+000,-3.162794E+001,-9.145760E+001
300.0000,-3.174695E+001,-9.093394E+001,-6.511232E-002,-5.320509E+000,-6.670918E-002,-5.323443E+000,-3.160394E+001,-9.186140E+001
310.0000,-3.165588E+001,-9.151807E+001,-6.576410E-002,-5.526853E+000,-6.767698E-002,-5.530656E+000,-3.150258E+001,-9.285773E+001
320.0000,-3.163345E+001,-9.240015E+001,-6.637138E-002,-5.735533E+000,-6.898938E-002,-5.747527E+000,-3.147348E+001,-9.309028E+001
330.0000,-3.151058E+001,-9.293786E+001,-6.823070E-002,-5.958504E+000,-6.986300E-002,-5.951635E+000,-3.142276E+001,-9.324767E+001
340.0000,-3.143337E+001,-9.328441E+001,-6.843432E-002,-6.161178E+000,-6.992383E-002,-6.158363E+000,-3.132322E+001,-9.389536E+001
350.0000,-3.130273E+001,-9.413901E+001,-6.824678E-002,-6.367678E+000,-7.133755E-002,-6.369427E+000,-3.123520E+001,-9.566703E+001
360.0000,-3.112374E+001,-9.505611E+001,-7.108352E-002,-6.577456E+000,-7.380110E-002,-6.576094E+000,-3.105268E+001,-9.588438E+001
370.0000,-3.101579E+001,-9.577699E+001,-7.342718E-002,-6.784681E+000,-7.483491E-002,-6.784911E+000,-3.089581E+001,-9.691805E+001
380.0000,-3.087660E+001,-9.656007E+001,-7.513148E-002,-6.990580E+000,-7.592560E-002,-6.990317E+000,-3.075280E+001,-9.813117E+001
390.0000,-3.071394E+001,-9.723453E+001,-7.507638E-002,-7.200727E+000,-7.763539E-002,-7.197814E+000,-3.059891E+001,-9.897088E+001
400.0000,-3.063308E+001,-9.858646E+001,-7.738131E-002,-7.397612E+000,-7.852845E-002,-7.399974E+000,-3.040916E+001,-9.951839E+001
410.0000,-3.055634E+001,-9.937846E+001,-7.739308E-002,-7.603545E+000,-8.037943E-002,-7.604278E+000,-3.030614E+001,-1.004507E+002
420.0000,-3.044305E+001,-1.000945E+002,-7.893810E-002,-7.807686E+000,-8.051138E-002,-7.804890E+000,-3.023473E+001,-1.010071E+002
430.0000,-3.032536E+001,-1.008215E+002,-8.019436E-002,-8.011246E+000,-8.254635E-002,-8.018621E+000,-3.012549E+001,-1.015864E+002
440.0000,-3.019998E+001,-1.016942E+002,-8.137881E-002,-8.209785E+000,-8.322630E-002,-8.209769E+000,-3.003992E+001,-1.021848E+002
450.0000,-3.005757E+001,-1.023186E+002,-8.136601E-002,-8.405854E+000,-8.450057E-002,-8.410910E+000,-2.996894E+001,-1.035522E+002
460.0000,-2.998902E+001,-1.029158E+002,-8.390643E-002,-8.618861E+000,-8.550882E-002,-8.609157E+000,-2.985863E+001,-1.036980E+002
470.0000,-2.980231E+001,-1.036474E+002,-8.606540E-002,-8.810807E+000,-8.677545E-002,-8.812948E+000,-2.970709E+001,-1.048440E+002
480.0000,-2.968642E+001,-1.049163E+002,-8.666182E-002,-9.018328E+000,-8.907142E-002,-9.016910E+000,-2.954763E+001,-1.060641E+002
490.0000,-2.959076E+001,-1.059588E+002,-8.935901E-002,-9.208861E+000,-9.009983E-002,-9.217268E+000,-2.939973E+001,-1.069633E+002
500.0000,-2.946973E+001,-1.069548E+002,-9.000320E-002,-9.421981E+000,-9.048959E-002,-9.410081E+000,-2.928340E+001,-1.078634E+002
510.0000,-2.933261E+001,-1.077670E+002,-9.113108E-002,-9.615069E+000,-9.289262E-002,-9.615951E+000,-2.914360E+001,-1.088305E+002
520.0000,-2.919713E+001,-1.086520E+002,-9.281416E-002,-9.816993E+000,-9.396967E-002,-9.818800E+000,-2.901033E+001,-1.095424E+002
530.0000,-2.905765E+001,-1.095740E+002,-9.454385E-002,-1.001764E+001,-9.552263E-002,-1.001515E+001,-2.892953E+001,-1.103773E+002
540.0000,-2.892895E+001,-1.106956E+002,-9.618560E-002,-1.021191E+001,-9.732324E-002,-1.021579E+001,-2.881225E+001,-1.112766E+002
550.0000,-2.882174E+001,-1.113910E+002,-9.746298E-002,-1.040735E+001,-9.898911E-002,-1.041578E+001,-2.872500E+001,-1.119732E+002
560.0000,-2.867422E+001,-1.123064E+002,-9.914239E-002,-1.061009E+001,-1.001906E-001,-1.061479E+001,-2.860750E+001,-1.125282E+002
570.0000,-2.857513E+001,-1.130500E+002,-9.966303E-002,-1.081577E+001,-1.023572E-001,-1.081136E+001,-2.849828E+001,-1.133593E+002
580.0000,-2.849693E+001,-1.135845E+002,-1.019957E-001,-1.101003E+001,-1.031186E-001,-1.101251E+001,-2.839729E+001,-1.143808E+002
590.0000,-2.837880E+001,-1.141212E+002,-1.031368E-001,-1.121262E+001,-1.047277E-001,-1.121401E+001,-2.827385E+001,-1.152948E+002
600.0000,-2.828523E+001,-1.149386E+002,-1.056973E-001,-1.141429E+001,-1.059478E-001,-1.141162E+001,-2.818287E+001,-1.161868E+002
610.0000,-2.818904E+001,-1.158190E+002,-1.069684E-001,-1.161349E+001,-1.088599E-001,-1.161254E+001,-2.807464E+001,-1.169336E+002
620.0000,-2.813851E+001,-1.166873E+002,-1.086822E-001,-1.181094E+001,-1.097542E-001,-1.181188E+001,-2.796597E+001,-1.176464E+002
630.0000,-2.796880E+001,-1.171742E+002,-1.102669E-001,-1.200703E+001,-1.120588E-001,-1.201299E+001,-2.784459E+001,-1.183815E+002
640.0000,-2.785723E+001,-1.178022E+002,-1.122738E-001,-1.221088E+001,-1.145310E-001,-1.221325E+001,-2.775889E+001,-1.190782E+002
650.0000,-2.774817E+001,-1.187521E+002,-1.150173E-001,-1.241545E+001,-1.166356E-001,-1.241456E+001,-2.764232E+001,-1.197715E+002
660.0000,-2.762274E+001,-1.194292E+002,-1.174387E-001,-1.261421E+001,-1.185161E-001,-1.261738E+001,-2.752663E+001,-1.203986E+002
670.0000,-2.754515E+001,-1.201181E+002,-1.213491E-001,-1.281121E+001,-1.215402E-001,-1.281732E+001,-2.745286E+001,-1.213033E+002
680.0000,-2.743523E+001,-1.208419E+002,-1.221880E-001,-1.301292E+001,-1.245208E-001,-1.301704E+001,-2.736251E+001,-1.218570E+002
690.0000,-2.731402E+001,-1.213842E+002,-1.259456E-001,-1.321491E+001,-1.275116E-001,-1.321813E+001,-2.727161E+001,-1.224642E+002
700.0000,-2.720922E+001,-1.219865E+002,-1.298701E-001,-1.341295E+001,-1.317555E-001,-1.341500E+001,-2.716482E+001,-1.231551E+002
710.0000,-2.712936E+001,-1.224386E+002,-1.346653E-001,-1.361681E+001,-1.353106E-001,-1.361555E+001,-2.702331E+001,-1.236971E+002
720.0000,-2.698184E+001,-1.228709E+002,-1.393862E-001,-1.380932E+001,-1.397863E-001,-1.381271E+001,-2.696051E+001,-1.244168E+002
730.0000,-2.686724E+001,-1.233448E+002,-1.421670E-001,-1.400654E+001,-1.447249E-001,-1.400769E+001,-2.682633E+001,-1.250796E+002
740.0000,-2.670999E+001,-1.237337E+002,-1.476278E-001,-1.420727E+001,-1.496561E-001,-1.420978E+001,-2.670880E+001,-1.254921E+002
750.0000,-2.659871E+001,-1.243349E+002,-1.534705E-001,-1.439308E+001,-1.558292E-001,-1.439867E+001,-2.655283E+001,-1.258898E+002
760.0000,-2.643682E+001,-1.247973E+002,-1.594991E-001,-1.457638E+001,-1.607496E-001,-1.458067E+001,-2.642433E+001,-1.266031E+002
770.0000,-2.629794E+001,-1.252008E+002,-1.655707E-001,-1.476363E+001,-1.670036E-001,-1.476613E+001,-2.624384E+001,-1.268232E+002
780.0000,-2.611540E+001,-1.256918E+002,-1.722964E-001,-1.493629E+001,-1.730977E-001,-1.493467E+001,-2.607284E+001,-1.272627E+002
790.0000,-2.596160E+001,-1.261762E+002,-1.786886E-001,-1.509908E+001,-1.798255E-001,-1.510112E+001,-2.591473E+001,-1.278460E+002
800.0000,-2.578017E+001,-1.268976E+002,-1.820616E-001,-1.526209E+001,-1.853908E-001,-1.526073E+001,-2.573042E+001,-1.285580E+002
810.0000,-2.556965E+001,-1.279084E+002,-1.877802E-001,-1.540952E+001,-1.896804E-001,-1.540270E+001,-2.554626E+001,-1.295143E+002
820.0000,-2.535984E+001,-1.290183E+002,-1.924034E-001,-1.555855E+001,-1.935653E-001,-1.555564E+001,-2.536979E+001,-1.304834E+002
830.0000,-2.519225E+001,-1.302726E+002,-1.938324E-001,-1.570348E+001,-1.948463E-001,-1.570115E+001,-2.518581E+001,-1.317383E+002
840.0000,-2.503500E+001,-1.316107E+002,-1.927435E-001,-1.584935E+001,-1.958363E-001,-1.584433E+001,-2.501725E+001,-1.330711E+002
850.0000,-2.486779E+001,-1.328450E+002,-1.927962E-001,-1.599438E+001,-1.944826E-001,-1.599191E+001,-2.488884E+001,-1.344511E+002
860.0000,-2.472359E+001,-1.343256E+002,-1.907662E-001,-1.614640E+001,-1.926673E-001,-1.615009E+001,-2.474524E+001,-1.358627E+002
870.0000,-2.459996E+001,-1.357300E+002,-1.893674E-001,-1.630782E+001,-1.914050E-001,-1.631280E+001,-2.462208E+001,-1.372342E+002
880.0000,-2.450226E+001,-1.371183E+002,-1.858569E-001,-1.648049E+001,-1.887920E-001,-1.648040E+001,-2.453051E+001,-1.386409E+002
890.0000,-2.441719E+001,-1.384092E+002,-1.837850E-001,-1.665237E+001,-1.849629E-001,-1.665714E+001,-2.443132E+001,-1.399329E+002
900.0000,-2.434064E+001,-1.396444E+002,-1.813992E-001,-1.683323E+001,-1.836416E-001,-1.683305E+001,-2.434184E+001,-1.410885E+002
910.0000,-2.425731E+001,-1.408949E+002,-1.785611E-001,-1.701270E+001,-1.809853E-001,-1.701206E+001,-2.426263E+001,-1.424794E+002
920.0000,-2.420096E+001,-1.420942E+002,-1.772619E-001,-1.719833E+001,-1.784872E-001,-1.720429E+001,-2.418735E+001,-1.436420E+002
930.0000,-2.412281E+001,-1.433336E+002,-1.747693E-001,-1.738640E+001,-1.775527E-001,-1.738752E+001,-2.411420E+001,-1.446307E+002
940.0000,-2.406398E+001,-1.444454E+002,-1.744729E-001,-1.757614E+001,-1.756426E-001,-1.757508E+001,-2.406285E+001,-1.458456E+002
950.0000,-2.401533E+001,-1.456396E+002,-1.728994E-001,-1.777119E+001,-1.750054E-001,-1.776461E+001,-2.399633E+001,-1.469457E+002
960.0000,-2.396199E+001,-1.465899E+002,-1.715698E-001,-1.795428E+001,-1.745537E-001,-1.795457E+001,-2.394180E+001,-1.479649E+002
970.0000,-2.389836E+001,-1.473981E+002,-1.714238E-001,-1.814837E+001,-1.734809E-001,-1.814980E+001,-2.390145E+001,-1.490178E+002
980.0000,-2.384641E+001,-1.484860E+002,-1.717490E-001,-1.833604E+001,-1.728865E-001,-1.834401E+001,-2.384851E+001,-1.499671E+002
990.0000,-2.377165E+001,-1.494175E+002,-1.710777E-001,-1.853114E+001,-1.731685E-001,-1.853058E+001,-2.377468E+001,-1.509975E+002
1000.0000,-2.374104E+001,-1.503687E+002,-1.700661E-001,-1.872823E+001,-1.730737E-001,-1.873080E+001,-2.371436E+001,-1.518349E+002
1020.0000,-2.360765E+001,-1.520682E+002,-1.713399E-001,-1.910962E+001,-1.733262E-001,-1.911304E+001,-2.358870E+001,-1.537027E+002
1040.0000,-2.350737E+001,-1.538672E+002,-1.733391E-001,-1.949706E+001,-1.743728E-001,-1.949558E+001,-2.349499E+001,-1.554842E+002
1060.0000,-2.340994E+001,-1.556076E+002,-1.739265E-001,-1.987963E+001,-1.754721E-001,-1.988450E+001,-2.339865E+001,-1.572280E+002
1080.0000,-2.330552E+001,-1.573983E+002,-1.755903E-001,-2.026535E+001,-1.776980E-001,-2.026669E+001,-2.327182E+001,-1.590323E+002
1100.0000,-2.319734E+001,-1.591724E+002,-1.784760E-001,-2.064697E+001,-1.801326E-001,-2.064796E+001,-2.317625E+001,-1.608280E+002
1120.0000,-2.309450E+001,-1.608757E+002,-1.800443E-001,-2.103173E+001,-1.815187E-001,-2.102534E+001,-2.305050E+001,-1.624901E+002
1140.0000,-2.301464E+001,-1.624874E+002,-1.820445E-001,-2.140570E+001,-1.854336E-001,-2.140944E+001,-2.293879E+001,-1.641145E+002
1160.0000,-2.291845E+001,-1.642004E+002,-1.845200E-001,-2.178609E+001,-1.872441E-001,-2.178330E+001,-2.286801E+001,-1.659042E+002
1180.0000,-2.281890E+001,-1.658906E+002,-1.880122E-001,-2.216138E+001,-1.903584E-001,-2.216388E+001,-2.275465E+001,-1.675942E+002
1200.0000,-2.269237E+001,-1.675466E+002,-1.909792E-001,-2.254196E+001,-1.937128E-001,-2.254215E+001,-2.265164E+001,-1.693862E+002
1220.0000,-2.258821E+001,-1.689403E+002,-1.953973E-001,-2.292035E+001,-1.978032E-001,-2.292319E+001,-2.253336E+001,-1.710201E+002
1240.0000,-2.247885E+001,-1.705810E+002,-1.987970E-001,-2.329629E+001,-1.997023E-001,-2.329626E+001,-2.238211E+001,-1.724631E+002
1260.0000,-2.240168E+001,-1.721625E+002,-2.014272E-001,-2.366670E+001,-2.038580E-001,-2.366965E+001,-2.230085E+001,-1.738793E+002
1280.0000,-2.232576E+001,-1.738318E+002,-2.055700E-001,-2.403833E+001,-2.079457E-001,-2.404106E+001,-2.224444E+001,-1.754857E+002
1300.0000,-2.222742E+001,-1.753873E+002,-2.088448E-001,-2.440688E+001,-2.105775E-001,-2.440904E+001,-2.215578E+001,-1.773001E+002
1320.0000,-2.211946E+001,-1.769206E+002,-2.140672E-001,-2.477501E+001,-2.150965E-001,-2.477684E+001,-2.206035E+001,-1.789851E+002
1340.0000,-2.203491E+001,-1.784362E+002,-2.168889E-001,-2.514320E+001,-2.185792E-001,-2.514244E+001,-2.194072E+001,1.796042E+002
1360.0000,-2.193341E+001,1.799185E+002,-2.207634E-001,-2.550160E+001,-2.237558E-001,-2.550579E+001,-2.186044E+001,1.780694E+002
1380.0000,-2.183994E+001,1.780895E+002,-2.239446E-001,-2.586479E+001,-2.262752E-001,-2.586673E+001,-2.176703E+001,1.765436E+002
1400.0000,-2.176671E+001,1.764091E+002,-2.274031E-001,-2.622453E+001,-2.296617E-001,-2.622418E+001,-2.169398E+001,1.748770E+002
1420.0000,-2.166665E+001,1.749670E+002,-2.304688E-001,-2.658034E+001,-2.335589E-001,-2.658163E+001,-2.159546E+001,1.731797E+002
1440.0000,-2.154932E+001,1.734704E+002,-2.336691E-001,-2.693675E+001,-2.367055E-001,-2.694321E+001,-2.148945E+001,1.713614E+002
1460.0000,-2.146766E+001,1.718134E+002,-2.363798E-001,-2.729429E+001,-2.379288E-001,-2.729665E+001,-2.139202E+001,1.696933E+002
1480.0000,-2.137229E+001,1.699508E+002,-2.376088E-001,-2.764993E+001,-2.405065E-001,-2.765249E+001,-2.129210E+001,1.682302E+002
1500.0000,-2.131935E+001,1.681213E+002,-2.396710E-001,-2.800710E+001,-2.424286E-001,-2.800731E+001,-2.127022E+001,1.665560E+002
1520.0000,-2.126472E+001,1.664225E+002,-2.424503E-001,-2.836612E+001,-2.445103E-001,-2.836546E+001,-2.120595E+001,1.649359E+002
1540.0000,-2.120099E+001,1.650575E+002,-2.427846E-001,-2.872737E+001,-2.451168E-001,-2.872660E+001,-2.113920E+001,1.632171E+002
1560.0000,-2.115005E+001,1.635172E+002,-2.440670E-001,-2.908753E+001,-2.462498E-001,-2.908789E+001,-2.107006E+001,1.614155E+002
1580.0000,-2.106061E+001,1.616636E+002,-2.458048E-001,-2.945098E+001,-2.475749E-001,-2.945039E+001,-2.098907E+001,1.597829E+002
1600.0000,-2.100056E+001,1.597227E+002,-2.457111E-001,-2.981131E+001,-2.492132E-001,-2.981448E+001,-2.091567E+001,1.584278E+002
1620.0000,-2.098796E+001,1.580078E+002,-2.478715E-001,-3.017384E+001,-2.504208E-001,-3.017206E+001,-2.087261E+001,1.569080E+002
1640.0000,-2.096458E+001,1.564237E+002,-2.484350E-001,-3.053662E+001,-2.515725E-001,-3.054078E+001,-2.085387E+001,1.552532E+002
1660.0000,-2.091326E+001,1.548894E+002,-2.505732E-001,-3.090386E+001,-2.533388E-001,-3.090251E+001,-2.080834E+001,1.535759E+002
1680.0000,-2.084563E+001,1.533877E+002,-2.514414E-001,-3.127044E+001,-2.541829E-001,-3.127813E+001,-2.074316E+001,1.517276E+002
1700.0000,-2.078493E+001,1.517658E+002,-2.531267E-001,-3.163440E+001,-2.554074E-001,-3.163743E+001,-2.069208E+001,1.500638E+002
1720.0000,-2.073224E+001,1.499169E+002,-2.554663E-001,-3.200096E+001,-2.581922E-001,-3.199875E+001,-2.063564E+001,1.484713E+002
1740.0000,-2.073238E+001,1.483236E+002,-2.560067E-001,-3.236415E+001,-2.588083E-001,-3.236344E+001,-2.060277E+001,1.470541E+002
1760.0000,-2.072609E+001,1.467839E+002,-2.568220E-001,-3.272808E+001,-2.595715E-001,-3.273045E+001,-2.058175E+001,1.456420E+002
1780.0000,-2.070685E+001,1.452116E+002,-2.590473E-001,-3.309878E+001,-2.609899E-001,-3.309197E+001,-2.056177E+001,1.439819E+002
1800.0000,-2.065615E+001,1.435971E+002,-2.604289E-001,-3.346280E+001,-2.635991E-001,-3.346039E+001,-2.054377E+001,1.422472E+002
1820.0000,-2.061968E+001,1.419651E+002,-2.623280E-001,-3.383121E+001,-2.650010E-001,-3.382803E+001,-2.047881E+001,1.406571E+002
1840.0000,-2.058820E+001,1.402656E+002,-2.641914E-001,-3.419339E+001,-2.668491E-001,-3.419118E+001,-2.043548E+001,1.391371E+002
1860.0000,-2.057455E+001,1.385372E+002,-2.654287E-001,-3.455448E+001,-2.690513E-001,-3.454714E+001,-2.039942E+001,1.376119E+002
1880.0000,-2.056062E+001,1.368738E+002,-2.676582E-001,-3.491666E+001,-2.709027E-001,-3.492085E+001,-2.039217E+001,1.360640E+002
1900.0000,-2.055864E+001,1.352950E+002,-2.699085E-001,-3.528316E+001,-2.726575E-001,-3.528669E+001,-2.037604E+001,1.345036E+002
1920.0000,-2.054590E+001,1.336827E+002,-2.714075E-001,-3.564944E+001,-2.747041E-001,-3.564978E+001,-2.035645E+001,1.329432E+002
1940.0000,-2.052142E+001,1.319965E+002,-2.728604E-001,-3.601393E+001,-2.760035E-001,-3.601173E+001,-2.035174E+001,1.313433E+002
1960.0000,-2.051560E+001,1.304038E+002,-2.744427E-001,-3.637249E+001,-2.770746E-001,-3.637968E+001,-2.032763E+001,1.297770E+002
1980.0000,-2.049910E+001,1.288179E+002,-2.769290E-001,-3.674047E+001,-2.803612E-001,-3.673536E+001,-2.030439E+001,1.281935E+002
2000.0000,-2.048443E+001,1.272006E+002,-2.774986E-001,-3.710175E+001,-2.813217E-001,-3.710566E+001,-2.028181E+001,1.266996E+002
2020.0000,-2.045034E+001,1.255927E+002,-2.796890E-001,-3.746363E+001,-2.836357E-001,-3.746959E+001,-2.024937E+001,1.251269E+002
2040.0000,-2.043764E+001,1.239038E+002,-2.809283E-001,-3.782722E+001,-2.838531E-001,-3.783152E+001,-2.025178E+001,1.236067E+002
2060.0000,-2.046241E+001,1.223164E+002,-2.820892E-001,-3.819055E+001,-2.852527E-001,-3.819047E+001,-2.026449E+001,1.221010E+002
2080.0000,-2.047918E+001,1.208474E+002,-2.829092E-001,-3.855484E+001,-2.870861E-001,-3.855229E+001,-2.028085E+001,1.204150E+002
2100.0000,-2.048403E+001,1.193656E+002,-2.847337E-001,-3.892094E+001,-2.877671E-001,-3.891383E+001,-2.028840E+001,1.188564E+002
2120.0000,-2.049332E+001,1.177108E+002,-2.855774E-001,-3.928120E+001,-2.884605E-001,-3.927335E+001,-2.027190E+001,1.172029E+002
2140.0000,-2.046553E+001,1.159439E+002,-2.873942E-001,-3.964088E+001,-2.901131E-001,-3.963772E+001,-2.025448E+001,1.157487E+002
2160.0000,-2.049717E+001,1.142431E+002,-2.880693E-001,-4.000014E+001,-2.922039E-001,-3.999923E+001,-2.025303E+001,1.144527E+002
2180.0000,-2.055673E+001,1.126149E+002,-2.883865E-001,-4.036727E+001,-2.923562E-001,-4.036269E+001,-2.029186E+001,1.130675E+002
2200.0000,-2.056995E+001,1.110766E+002,-2.896979E-001,-4.073141E+001,-2.940492E-001,-4.072231E+001,-2.032141E+001,1.114909E+002
2220.0000,-2.059538E+001,1.095600E+002,-2.913271E-001,-4.109293E+001,-2.938958E-001,-4.109291E+001,-2.033092E+001,1.097600E+002
2240.0000,-2.059948E+001,1.079942E+002,-2.917430E-001,-4.146156E+001,-2.952739E-001,-4.145327E+001,-2.034173E+001,1.081232E+002
2260.0000,-2.060747E+001,1.062078E+002,-2.927157E-001,-4.182581E+001,-2.965350E-001,-4.181453E+001,-2.033419E+001,1.068474E+002
2280.0000,-2.065663E+001,1.044120E+002,-2.923971E-001,-4.218141E+001,-2.971743E-001,-4.217861E+001,-2.035315E+001,1.055337E+002
2300.0000,-2.074623E+001,1.027541E+002,-2.932787E-001,-4.254698E+001,-2.980335E-001,-4.254681E+001,-2.042355E+001,1.042349E+002
2320.0000,-2.078457E+001,1.012864E+002,-2.947652E-001,-4.291496E+001,-2.989912E-001,-4.291225E+001,-2.049348E+001,1.025443E+002
2340.0000,-2.082548E+001,9.989464E+001,-2.962379E-001,-4.327911E+001,-2.986298E-001,-4.327439E+001,-2.051330E+001,1.008614E+002
2360.0000,-2.082781E+001,9.830920E+001,-2.969774E-001,-4.364210E+001,-2.997547E-001,-4.364077E+001,-2.052109E+001,9.933562E+001
2380.0000,-2.087082E+001,9.648258E+001,-2.969511E-001,-4.401556E+001,-3.007461E-001,-4.400620E+001,-2.054794E+001,9.808646E+001
2400.0000,-2.094666E+001,9.470861E+001,-2.972489E-001,-4.438004E+001,-3.003011E-001,-4.437634E+001,-2.057833E+001,9.682508E+001
2420.0000,-2.105023E+001,9.304537E+001,-2.984526E-001,-4.474887E+001,-3.006757E-001,-4.473705E+001,-2.065984E+001,9.550916E+001
2440.0000,-2.113185E+001,9.154037E+001,-2.981937E-001,-4.511546E+001,-3.019913E-001,-4.510438E+001,-2.075998E+001,9.396389E+001
2460.0000,-2.118631E+001,9.012369E+001,-2.993153E-001,-4.547873E+001,-3.024574E-001,-4.547558E+001,-2.081067E+001,9.232806E+001
2480.0000,-2.121726E+001,8.855889E+001,-2.992030E-001,-4.585204E+001,-3.031118E-001,-4.584321E+001,-2.084704E+001,9.089191E+001
2500.0000,-2.128219E+001,8.675740E+001,-3.004437E-001,-4.622046E+001,-3.035436E-001,-4.621260E+001,-2.086940E+001,8.975478E+001
2520.0000,-2.137831E+001,8.505248E+001,-3.013551E-001,-4.658584E+001,-3.035802E-001,-4.658340E+001,-2.093854E+001,8.855183E+001
2540.0000,-2.150171E+001,8.339756E+001,-3.012381E-001,-4.695189E+001,-3.047073E-001,-4.695024E+001,-2.104222E+001,8.733456E+001
2560.0000,-2.162105E+001,8.188490E+001,-3.024141E-001,-4.732297E+001,-3.048837E-001,-4.731487E+001,-2.113391E+001,8.579610E+001
2580.0000,-2.169339E+001,8.032578E+001,-3.018529E-001,-4.769546E+001,-3.050951E-001,-4.768923E+001,-2.122527E+001,8.426280E+001
2600.0000,-2.176773E+001,7.859721E+001,-3.023042E-001,-4.806416E+001,-3.050035E-001,-4.805901E+001,-2.129657E+001,8.279173E+001
2620.0000,-2.184965E+001,7.681764E+001,-3.026317E-001,-4.843739E+001,-3.062537E-001,-4.842226E+001,-2.134882E+001,8.159121E+001
2640.0000,-2.196872E+001,7.525946E+001,-3.028639E-001,-4.879807E+001,-3.064512E-001,-4.879514E+001,-2.143308E+001,8.034255E+001
2660.0000,-2.210776E+001,7.364165E+001,-3.033611E-001,-4.916603E+001,-3.062163E-001,-4.916381E+001,-2.154552E+001,7.899094E+001
2680.0000,-2.219869E+001,7.234268E+001,-3.047299E-001,-4.954380E+001,-3.077237E-001,-4.953482E+001,-2.164611E+001,7.750615E+001
2700.0000,-2.231075E+001,7.073307E+001,-3.046932E-001,-4.991784E+001,-3.072698E-001,-4.990660E+001,-2.172078E+001,7.627600E+001
2720.0000,-2.242157E+001,6.875420E+001,-3.041374E-001,-5.028083E+001,-3.084760E-001,-5.027973E+001,-2.181808E+001,7.514663E+001
2740.0000,-2.256758E+001,6.691794E+001,-3.047645E-001,-5.065498E+001,-3.083168E-001,-5.065187E+001,-2.189762E+001,7.433527E+001
2760.0000,-2.272629E+001,6.532123E+001,-3.048520E-001,-5.103505E+001,-3.089609E-001,-5.102504E+001,-2.205354E+001,7.330660E+001
2780.0000,-2.287989E+001,6.390387E+001,-3.055332E-001,-5.140559E+001,-3.090246E-001,-5.139915E+001,-2.220117E+001,7.176908E+001
2800.0000,-2.304130E+001,6.254926E+001,-3.059798E-001,-5.178341E+001,-3.096296E-001,-5.177592E+001,-2.231783E+001,7.033217E+001
2820.0000,-2.313672E+001,6.075781E+001,-3.055106E-001,-5.215478E+001,-3.086666E-001,-5.214133E+001,-2.239549E+001,6.905091E+001
2840.0000,-2.328220E+001,5.874324E+001,-3.062459E-001,-5.252382E+001,-3.091726E-001,-5.252098E+001,-2.247811E+001,6.803613E+001
2860.0000,-2.347183E+001,5.695983E+001,-3.064087E-001,-5.289892E+001,-3.102480E-001,-5.289201E+001,-2.259460E+001,6.724066E+001
2880.0000,-2.369633E+001,5.519798E+001,-3.070637E-001,-5.327217E+001,-3.098447E-001,-5.326445E+001,-2.276858E+001,6.619520E+001
2900.0000,-2.392022E+001,5.383287E+001,-3.081242E-001,-5.365019E+001,-3.098436E-001,-5.363937E+001,-2.296375E+001,6.503157E+001
2920.0000,-2.409422E+001,5.245472E+001,-3.073979E-001,-5.402765E+001,-3.098557E-001,-5.401659E+001,-2.312481E+001,6.358479E+001
2940.0000,-2.421367E+001,5.059110E+001,-3.072064E-001,-5.439876E+001,-3.108716E-001,-5.439169E+001,-2.322727E+001,6.235306E+001
2960.0000,-2.441162E+001,4.862344E+001,-3.082360E-001,-5.477553E+001,-3.114884E-001,-5.476568E+001,-2.330911E+001,6.147335E+001
2980.0000,-2.467217E+001,4.659020E+001,-3.082834E-001,-5.515505E+001,-3.114967E-001,-5.514513E+001,-2.348377E+001,6.093626E+001
3000.0000,-2.493929E+001,4.464392E+001,-3.082470E-001,-5.553333E+001,-3.122471E-001,-5.552472E+001,-2.367643E+001,6.032454E+001
3020.0000,-2.519757E+001,4.317416E+001,-3.080607E-001,-5.591581E+001,-3.119416E-001,-5.589885E+001,-2.388717E+001,5.941447E+001
3040.0000,-2.539884E+001,4.174202E+001,-3.095651E-001,-5.629125E+001,-3.130318E-001,-5.628406E+001,-2.407972E+001,5.826623E+001
3060.0000,-2.560822E+001,4.000089E+001,-3.100709E-001,-5.666518E+001,-3.131462E-001,-5.666658E+001,-2.421180E+001,5.697313E+001
3080.0000,-2.582375E+001,3.785447E+001,-3.098004E-001,-5.704949E+001,-3.126534E-001,-5.703798E+001,-2.433614E+001,5.640587E+001
3100.0000,-2.613316E+001,3.575994E+001,-3.096404E-001,-5.742157E+001,-3.136166E-001,-5.742241E+001,-2.450280E+001,5.597050E+001
3120.0000,-2.647746E+001,3.389155E+001,-3.113932E-001,-5.780324E+001,-3.136401E-001,-5.779390E+001,-2.473094E+001,5.556717E+001
3140.0000,-2.680534E+001,3.218977E+001,-3.111437E-001,-5.818877E+001,-3.134652E-001,-5.817164E+001,-2.499127E+001,5.498178E+001
3160.0000,-2.709480E+001,3.032429E+001,-3.119886E-001,-5.856691E+001,-3.149528E-001,-5.855860E+001,-2.516790E+001,5.391237E+001
3180.0000,-2.740606E+001,2.826080E+001,-3.120099E-001,-5.894715E+001,-3.155381E-001,-5.893395E+001,-2.532737E+001,5.311383E+001
3200.0000,-2.775418E+001,2.586191E+001,-3.127281E-001,-5.932600E+001,-3.162021E-001,-5.931847E+001,-2.551303E+001,5.305603E+001
3220.0000,-2.811258E+001,2.314084E+001,-3.135634E-001,-5.970714E+001,-3.163498E-001,-5.970319E+001,-2.569687E+001,5.302429E+001
3240.0000,-2.853149E+001,2.053760E+001,-3.135673E-001,-6.009253E+001,-3.162410E-001,-6.008478E+001,-2.593620E+001,5.285069E+001
3260.0000,-2.894257E+001,1.836138E+001,-3.140504E-001,-6.048064E+001,-3.163287E-001,-6.046777E+001,-2.619213E+001,5.238842E+001
3280.0000,-2.929124E+001,1.673860E+001,-3.152046E-001,-6.085251E+001,-3.179187E-001,-6.084728E+001,-2.642086E+001,5.166479E+001
3300.0000,-2.971386E+001,1.455167E+001,-3.159547E-001,-6.123971E+001,-3.189749E-001,-6.122685E+001,-2.658340E+001,5.168967E+001
3320.0000,-3.023807E+001,1.126155E+001,-3.163913E-001,-6.161950E+001,-3.189135E-001,-6.160924E+001,-2.667953E+001,5.200055E+001
3340.0000,-3.073470E+001,7.709908E+000,-3.173364E-001,-6.200690E+001,-3.198908E-001,-6.199562E+001,-2.689314E+001,5.214052E+001
3360.0000,-3.129991E+001,4.833842E+000,-3.178849E-001,-6.239038E+001,-3.196402E-001,-6.238461E+001,-2.714901E+001,5.257389E+001
3380.0000,-3.178812E+001,2.239351E+000,-3.188572E-001,-6.277669E+001,-3.214960E-001,-6.277050E+001,-2.738182E+001,5.292023E+001
3400.0000,-3.239627E+001,-1.228596E+000,-3.185702E-001,-6.315625E+001,-3.224093E-001,-6.314690E+001,-2.760549E+001,5.323917E+001
3420.0000,-3.314219E+001,-4.782149E+000,-3.201473E-001,-6.354329E+001,-3.224050E-001,-6.353030E+001,-2.786020E+001,5.363856E+001
3440.0000,-3.385223E+001,-8.788645E+000,-3.215561E-001,-6.393279E+001,-3.249513E-001,-6.391657E+001,-2.804731E+001,5.425419E+001
3460.0000,-3.443902E+001,-1.360597E+001,-3.211543E-001,-6.431263E+001,-3.247710E-001,-6.430680E+001,-2.819923E+001,5.473752E+001
3480.0000,-3.495979E+001,-1.819679E+001,-3.222278E-001,-6.469872E+001,-3.255238E-001,-6.469582E+001,-2.832035E+001,5.503917E+001
3500.0000,-3.549908E+001,-2.449031E+001,-3.235539E-001,-6.508493E+001,-3.263810E-001,-6.507647E+001,-2.840530E+001,5.601844E+001
3520.0000,-3.646382E+001,-3.144125E+001,-3.237783E-001,-6.547506E+001,-3.265873E-001,-6.546681E+001,-2.851314E+001,5.757904E+001
3540.0000,-3.737604E+001,-3.991243E+001,-3.250480E-001,-6.586433E+001,-3.278672E-001,-6.585308E+001,-2.873244E+001,5.967163E+001
3560.0000,-3.813186E+001,-5.031744E+001,-3.258533E-001,-6.624928E+001,-3.302523E-001,-6.623898E+001,-2.897023E+001,6.080694E+001
3580.0000,-3.883445E+001,-5.902592E+001,-3.272062E-001,-6.663367E+001,-3.301107E-001,-6.662601E+001,-2.910438E+001,6.178458E+001
3600.0000,-3.911650E+001,-6.755141E+001,-3.280790E-001,-6.702538E+001,-3.307641E-001,-6.701376E+001,-2.917281E+001,6.228689E+001
3620.0000,-3.905806E+001,-7.855366E+001,-3.297453E-001,-6.741931E+001,-3.318886E-001,-6.740025E+001,-2.910196E+001,6.353376E+001
3640.0000,-3.874629E+001,-9.311065E+001,-3.302360E-001,-6.779727E+001,-3.341898E-001,-6.779578E+001,-2.906847E+001,6.565074E+001
3660.0000,-3.815181E+001,-1.056271E+002,-3.315319E-001,-6.819611E+001,-3.343044E-001,-6.818161E+001,-2.907566E+001,6.798640E+001
3680.0000,-3.774006E+001,-1.160353E+002,-3.325427E-001,-6.858370E+001,-3.359416E-001,-6.856554E+001,-2.911945E+001,6.954549E+001
3700.0000,-3.731776E+001,-1.242321E+002,-3.341248E-001,-6.896677E+001,-3.384067E-001,-6.895507E+001,-2.917493E+001,7.038536E+001
3720.0000,-3.663500E+001,-1.314622E+002,-3.355518E-001,-6.935987E+001,-3.390559E-001,-6.934441E+001,-2.912236E+001,7.167672E+001
3740.0000,-3.565591E+001,-1.367585E+002,-3.377686E-001,-6.975223E+001,-3.406103E-001,-6.974317E+001,-2.890768E+001,7.280305E+001
3760.0000,-3.458155E+001,-1.426769E+002,-3.380196E-001,-7.014925E+001,-3.411141E-001,-7.013479E+001,-2.868658E+001,7.445752E+001
3780.0000,-3.370116E+001,-1.479151E+002,-3.412260E-001,-7.053759E+001,-3.420499E-001,-7.052864E+001,-2.853938E+001,7.622922E+001
3800.0000,-3.298973E+001,-1.525103E+002,-3.413817E-001,-7.092777E+001,-3.438182E-001,-7.091341E+001,-2.844313E+001,7.795078E+001
3820.0000,-3.246105E+001,-1.569556E+002,-3.433053E-001,-7.132079E+001,-3.457356E-001,-7.130273E+001,-2.838674E+001,7.861523E+001
3840.0000,-3.199695E+001,-1.597702E+002,-3.454127E-001,-7.170720E+001,-3.473850E-001,-7.168633E+001,-2.827394E+001,7.855793E+001
3860.0000,-3.134870E+001,-1.621157E+002,-3.473097E-001,-7.209564E+001,-3.493499E-001,-7.208241E+001,-2.802762E+001,7.887365E+001
3880.0000,-3.068890E+001,-1.657804E+002,-3.480076E-001,-7.248491E+001,-3.511304E-001,-7.247346E+001,-2.763514E+001,7.929424E+001
3900.0000,-3.005509E+001,-1.692038E+002,-3.500450E-001,-7.287853E+001,-3.534262E-001,-7.286494E+001,-2.734806E+001,8.059616E+001
3920.0000,-2.952895E+001,-1.722511E+002,-3.522422E-001,-7.327287E+001,-3.559283E-001,-7.325191E+001,-2.716257E+001,8.143615E+001
3940.0000,-2.907159E+001,-1.749021E+002,-3.540221E-001,-7.366047E+001,-3.574386E-001,-7.365222E+001,-2.699837E+001,8.193908E+001
3960.0000,-2.864632E+001,-1.766921E+002,-3.560801E-001,-7.404772E+001,-3.582816E-001,-7.403933E+001,-2.687589E+001,8.165903E+001
3980.0000,-2.821847E+001,-1.782589E+002,-3.570164E-001,-7.444656E+001,-3.610927E-001,-7.443620E+001,-2.660471E+001,8.129918E+001
4000.0000,-2.771403E+001,1.798428E+002,-3.592162E-001,-7.483997E+001,-3.622481E-001,-7.482840E+001,-2.627064E+001,8.110682E+001
4020.0000,-2.724737E+001,1.770469E+002,-3.612853E-001,-7.522868E+001,-3.643173E-001,-7.521741E+001,-2.603121E+001,8.127459E+001
4040.0000,-2.694370E+001,1.742905E+002,-3.635637E-001,-7.561987E+001,-3.665725E-001,-7.561281E+001,-2.584826E+001,8.181298E+001
4060.0000,-2.662153E+001,1.723217E+002,-3.659701E-001,-7.601150E+001,-3.682666E-001,-7.599937E+001,-2.568970E+001,8.160634E+001
4080.0000,-2.631968E+001,1.706483E+002,-3.674742E-001,-7.640457E+001,-3.701987E-001,-7.638748E+001,-2.550056E+001,8.083051E+001
4100.0000,-2.594639E+001,1.691251E+002,-3.706955E-001,-7.679504E+001,-3.712508E-001,-7.678773E+001,-2.525590E+001,7.983081E+001
4120.0000,-2.559680E+001,1.673712E+002,-3.712797E-001,-7.718974E+001,-3.748035E-001,-7.717319E+001,-2.498310E+001,7.899818E+001
4140.0000,-2.525340E+001,1.656250E+002,-3.741891E-001,-7.758318E+001,-3.765677E-001,-7.756551E+001,-2.472667E+001,7.893957E+001
4160.0000,-2.498117E+001,1.633904E+002,-3.770989E-001,-7.796801E+001,-3.794494E-001,-7.795691E+001,-2.453648E+001,7.867451E+001
4180.0000,-2.475422E+001,1.618098E+002,-3.794701E-001,-7.836255E+001,-3.817477E-001,-7.835352E+001,-2.440884E+001,7.815334E+001
4200.0000,-2.448732E+001,1.599243E+002,-3.808950E-001,-7.876377E+001,-3.835589E-001,-7.875274E+001,-2.426061E+001,7.741582E+001
4220.0000,-2.418858E+001,1.584020E+002,-3.840150E-001,-7.915844E+001,-3.867119E-001,-7.914365E+001,-2.403374E+001,7.630740E+001
4240.0000,-2.393313E+001,1.568095E+002,-3.859445E-001,-7.954340E+001,-3.890077E-001,-7.953638E+001,-2.380498E+001,7.522885E+001
4260.0000,-2.365612E+001,1.550626E+002,-3.880832E-001,-7.994273E+001,-3.911175E-001,-7.992457E+001,-2.359531E+001,7.433068E+001
4280.0000,-2.342977E+001,1.531962E+002,-3.909198E-001,-8.032476E+001,-3.935703E-001,-8.031409E+001,-2.342354E+001,7.373949E+001
4300.0000,-2.322790E+001,1.516564E+002,-3.932941E-001,-8.071610E+001,-3.955693E-001,-8.070737E+001,-2.325071E+001,7.252334E+001
4320.0000,-2.300967E+001,1.503039E+002,-3.964480E-001,-8.110980E+001,-3.979768E-001,-8.109818E+001,-2.309658E+001,7.143397E+001
4340.0000,-2.275461E+001,1.488364E+002,-3.985819E-001,-8.150632E+001,-4.009767E-001,-8.148991E+001,-2.287836E+001,7.033327E+001
4360.0000,-2.250985E+001,1.472159E+002,-4.007241E-001,-8.189590E+001,-4.039978E-001,-8.188449E+001,-2.270774E+001,6.947863E+001
4380.0000,-2.234317E+001,1.453041E+002,-4.038756E-001,-8.228845E+001,-4.052681E-001,-8.227766E+001,-2.253505E+001,6.866230E+001
4400.0000,-2.218203E+001,1.435842E+002,-4.059356E-001,-8.267983E+001,-4.083683E-001,-8.266364E+001,-2.244276E+001,6.765637E+001
4420.0000,-2.201786E+001,1.421172E+002,-4.081569E-001,-8.307627E+001,-4.108690E-001,-8.305948E+001,-2.233357E+001,6.654575E+001
4440.0000,-2.184312E+001,1.406913E+002,-4.100901E-001,-8.347076E+001,-4.135068E-001,-8.345366E+001,-2.220316E+001,6.509822E+001
4460.0000,-2.162833E+001,1.393257E+002,-4.124759E-001,-8.386443E+001,-4.158701E-001,-8.384646E+001,-2.205806E+001,6.371751E+001
4480.0000,-2.143977E+001,1.378565E+002,-4.152360E-001,-8.425224E+001,-4.186975E-001,-8.423643E+001,-2.187332E+001,6.239488E+001
4500.0000,-2.129849E+001,1.363260E+002,-4.179819E-001,-8.464347E+001,-4.215457E-001,-8.462727E+001,-2.172802E+001,6.135833E+001
4520.0000,-2.115332E+001,1.348229E+002,-4.205340E-001,-8.503101E+001,-4.227452E-001,-8.502623E+001,-2.162495E+001,6.007585E+001
4540.0000,-2.102711E+001,1.333522E+002,-4.222659E-001,-8.542629E+001,-4.249362E-001,-8.541272E+001,-2.155426E+001,5.859621E+001
4560.0000,-2.088870E+001,1.320233E+002,-4.249955E-001,-8.582071E+001,-4.276065E-001,-8.580617E+001,-2.146066E+001,5.728458E+001
4580.0000,-2.073828E+001,1.305816E+002,-4.272261E-001,-8.621818E+001,-4.291397E-001,-8.620210E+001,-2.131246E+001,5.589868E+001
4600.0000,-2.059643E+001,1.290336E+002,-4.297061E-001,-8.661062E+001,-4.316496E-001,-8.659367E+001,-2.119348E+001,5.472572E+001
4620.0000,-2.046179E+001,1.275507E+002,-4.313235E-001,-8.700003E+001,-4.348125E-001,-8.698523E+001,-2.108055E+001,5.333282E+001
4640.0000,-2.032977E+001,1.260658E+002,-4.350716E-001,-8.739765E+001,-4.374873E-001,-8.738046E+001,-2.097894E+001,5.200194E+001
4660.0000,-2.019644E+001,1.246796E+002,-4.378875E-001,-8.778611E+001,-4.408540E-001,-8.777092E+001,-2.087722E+001,5.042498E+001
4680.0000,-2.007996E+001,1.235188E+002,-4.402114E-001,-8.817894E+001,-4.429514E-001,-8.816043E+001,-2.079183E+001,4.898433E+001
4700.0000,-1.996846E+001,1.221412E+002,-4.421049E-001,-8.857262E+001,-4.452227E-001,-8.855536E+001,-2.070068E+001,4.739437E+001
4720.0000,-1.988529E+001,1.208347E+002,-4.444933E-001,-8.896558E+001,-4.478498E-001,-8.894658E+001,-2.063389E+001,4.602275E+001
4740.0000,-1.980098E+001,1.194435E+002,-4.477338E-001,-8.935429E+001,-4.493772E-001,-8.934237E+001,-2.056801E+001,4.460553E+001
4760.0000,-1.971230E+001,1.181270E+002,-4.495738E-001,-8.974413E+001,-4.522326E-001,-8.973602E+001,-2.049933E+001,4.302359E+001
4780.0000,-1.959863E+001,1.167932E+002,-4.532277E-001,-9.013856E+001,-4.545710E-001,-9.013315E+001,-2.045164E+001,4.148667E+001
4800.0000,-1.949767E+001,1.154796E+002,-4.547937E-001,-9.054218E+001,-4.558853E-001,-9.052644E+001,-2.038725E+001,3.991201E+001
4820.0000,-1.940026E+001,1.141871E+002,-4.564831E-001,-9.092810E+001,-4.588098E-001,-9.091652E+001,-2.030541E+001,3.831849E+001
4840.0000,-1.931378E+001,1.129722E+002,-4.593040E-001,-9.132088E+001,-4.610819E-001,-9.130959E+001,-2.021047E+001,3.648043E+001
4860.0000,-1.921247E+001,1.118374E+002,-4.609570E-001,-9.171134E+001,-4.633611E-001,-9.169923E+001,-2.012956E+001,3.457801E+001
4880.0000,-1.912708E+001,1.105542E+002,-4.642549E-001,-9.211122E+001,-4.664190E-001,-9.208858E+001,-2.007025E+001,3.298806E+001
4900.0000,-1.906378E+001,1.092832E+002,-4.653126E-001,-9.249693E+001,-4.679238E-001,-9.248272E+001,-2.002293E+001,3.169046E+001
4920.0000,-1.901686E+001,1.076364E+002,-4.674282E-001,-9.288639E+001,-4.697982E-001,-9.287334E+001,-2.000424E+001,3.044058E+001
4940.0000,-1.897291E+001,1.063724E+002,-4.695975E-001,-9.328146E+001,-4.727844E-001,-9.326725E+001,-1.998494E+001,2.879587E+001
4960.0000,-1.890555E+001,1.051931E+002,-4.715941E-001,-9.367933E+001,-4.745965E-001,-9.366415E+001,-1.997372E+001,2.693584E+001
4980.0000,-1.882896E+001,1.042452E+002,-4.735645E-001,-9.408482E+001,-4.763660E-001,-9.406170E+001,-1.992012E+001,2.484776E+001
5000.0000,-1.873458E+001,1.031312E+002,-4.758458E-001,-9.446840E+001,-4.783442E-001,-9.445598E+001,-1.985319E+001,2.310018E+001
5020.0000,-1.869147E+001,1.018232E+002,-4.778971E-001,-9.486201E+001,-4.800781E-001,-9.484988E+001,-1.979475E+001,2.162354E+001
5040.0000,-1.863722E+001,1.002386E+002,-4.790798E-001,-9.525080E+001,-4.816584E-001,-9.524074E+001,-1.977518E+001,2.008585E+001
5060.0000,-1.862119E+001,9.886510E+001,-4.807660E-001,-9.564795E+001,-4.825553E-001,-9.563311E+001,-1.980036E+001,1.853203E+001
5080.0000,-1.857907E+001,9.783848E+001,-4.827321E-001,-9.604164E+001,-4.845925E-001,-9.602333E+001,-1.979831E+001,1.646026E+001
5100.0000,-1.853057E+001,9.688712E+001,-4.849998E-001,-9.644552E+001,-4.867598E-001,-9.642727E+001,-1.977412E+001,1.438639E+001
5120.0000,-1.846869E+001,9.582157E+001,-4.873180E-001,-9.683745E+001,-4.895146E-001,-9.682585E+001,-1.970692E+001,1.263267E+001
5140.0000,-1.842306E+001,9.439607E+001,-4.883384E-001,-9.722925E+001,-4.909705E-001,-9.721608E+001,-1.968064E+001,1.123016E+001
5160.0000,-1.837364E+001,9.289388E+001,-4.900503E-001,-9.762357E+001,-4.922363E-001,-9.761274E+001,-1.970419E+001,9.934438E+000
5180.0000,-1.837018E+001,9.172868E+001,-4.915935E-001,-9.801405E+001,-4.935182E-001,-9.800614E+001,-1.976191E+001,8.185353E+000
5200.0000,-1.837253E+001,9.113328E+001,-4.915119E-001,-9.841822E+001,-4.954743E-001,-9.841076E+001,-1.982878E+001,5.652077E+000
5220.0000,-1.833442E+001,9.044331E+001,-4.943300E-001,-9.882129E+001,-4.961578E-001,-9.880901E+001,-1.979568E+001,2.897280E+000
5240.0000,-1.827814E+001,8.944589E+001,-4.955031E-001,-9.922464E+001,-4.981951E-001,-9.920568E+001,-1.969534E+001,6.828688E-001
5260.0000,-1.822243E+001,8.793628E+001,-4.976910E-001,-9.961723E+001,-4.996463E-001,-9.960118E+001,-1.959141E+001,-5.611631E-001
5280.0000,-1.818422E+001,8.641835E+001,-4.987213E-001,-1.000076E+002,-5.011535E-001,-9.999442E+001,-1.961354E+001,-1.576920E+000
5300.0000,-1.818014E+001,8.513070E+001,-4.999546E-001,-1.004050E+002,-5.014095E-001,-1.003906E+002,-1.972327E+001,-2.919292E+000
5320.0000,-1.820554E+001,8.441194E+001,-4.998099E-001,-1.008130E+002,-5.018087E-001,-1.007943E+002,-1.986825E+001,-5.290443E+000
5340.0000,-1.822230E+001,8.385934E+001,-5.011412E-001,-1.012169E+002,-5.022685E-001,-1.012004E+002,-1.994779E+001,-8.195741E+000
5360.0000,-1.819338E+001,8.319260E+001,-5.027633E-001,-1.016186E+002,-5.039536E-001,-1.016095E+002,-1.987452E+001,-1.097228E+001
5380.0000,-1.813218E+001,8.196409E+001,-5.046448E-001,-1.020176E+002,-5.065152E-001,-1.019977E+002,-1.980187E+001,-1.298170E+001
5400.0000,-1.809546E+001,8.062418E+001,-5.049970E-001,-1.024076E+002,-5.078264E-001,-1.023987E+002,-1.977608E+001,-1.437593E+001
5420.0000,-1.810870E+001,7.952132E+001,-5.059691E-001,-1.028095E+002,-5.084416E-001,-1.027961E+002,-1.985531E+001,-1.590649E+001
5440.0000,-1.813500E+001,7.873109E+001,-5.064211E-001,-1.032112E+002,-5.093821E-001,-1.032031E+002,-1.994641E+001,-1.808131E+001
5460.0000,-1.812784E+001,7.795435E+001,-5.070159E-001,-1.036187E+002,-5.091310E-001,-1.036036E+002,-2.001069E+001,-2.075207E+001
5480.0000,-1.810638E+001,7.710593E+001,-5.085230E-001,-1.040267E+002,-5.111042E-001,-1.040127E+002,-1.999072E+001,-2.322942E+001
5500.0000,-1.807431E+001,7.595439E+001,-5.112039E-001,-1.044300E+002,-5.127398E-001,-1.044110E+002,-1.997177E+001,-2.506026E+001
5520.0000,-1.807378E+001,7.485466E+001,-5.120211E-001,-1.048230E+002,-5.126606E-001,-1.048189E+002,-2.001089E+001,-2.660554E+001
5540.0000,-1.807812E+001,7.389993E+001,-5.120049E-001,-1.052334E+002,-5.128459E-001,-1.052223E+002,-2.008980E+001,-2.843303E+001
5560.0000,-1.813469E+001,7.308135E+001,-5.107214E-001,-1.056415E+002,-5.133822E-001,-1.056257E+002,-2.020358E+001,-3.108621E+001
5580.0000,-1.814982E+001,7.244590E+001,-5.111234E-001,-1.060526E+002,-5.134815E-001,-1.060267E+002,-2.026094E+001,-3.372113E+001
5600.0000,-1.813679E+001,7.159849E+001,-5.116034E-001,-1.064554E+002,-5.146151E-001,-1.064409E+002,-2.026699E+001,-3.618914E+001
5620.0000,-1.810570E+001,7.062557E+001,-5.132208E-001,-1.068716E+002,-5.162397E-001,-1.068468E+002,-2.028691E+001,-3.821508E+001
5640.0000,-1.810053E+001,6.958730E+001,-5.150129E-001,-1.072751E+002,-5.171804E-001,-1.072563E+002,-2.033688E+001,-4.010124E+001
5660.0000,-1.811460E+001,6.860657E+001,-5.142927E-001,-1.076838E+002,-5.170428E-001,-1.076707E+002,-2.042027E+001,-4.227609E+001
5680.0000,-1.812299E+001,6.788242E+001,-5.154740E-001,-1.080963E+002,-5.176203E-001,-1.080793E+002,-2.047566E+001,-4.499578E+001
5700.0000,-1.812037E+001,6.739418E+001,-5.149273E-001,-1.085056E+002,-5.176591E-001,-1.084876E+002,-2.053303E+001,-4.774734E+001
5720.0000,-1.812771E+001,6.684170E+001,-5.164629E-001,-1.089159E+002,-5.189866E-001,-1.088998E+002,-2.057929E+001,-5.031334E+001
5740.0000,-1.817058E+001,6.618372E+001,-5.161403E-001,-1.093318E+002,-5.178211E-001,-1.093148E+002,-2.067038E+001,-5.281228E+001
5760.0000,-1.819763E+001,6.532443E+001,-5.154789E-001,-1.097456E+002,-5.176539E-001,-1.097271E+002,-2.075669E+001,-5.524073E+001
5780.0000,-1.821904E+001,6.454349E+001,-5.160041E-001,-1.101641E+002,-5.181725E-001,-1.101417E+002,-2.082788E+001,-5.790944E+001
5800.0000,-1.819027E+001,6.366445E+001,-5.157362E-001,-1.105741E+002,-5.192345E-001,-1.105574E+002,-2.083941E+001,-6.063438E+001
5820.0000,-1.815999E+001,6.296498E+001,-5.170857E-001,-1.109933E+002,-5.194727E-001,-1.109678E+002,-2.082195E+001,-6.313597E+001
5840.0000,-1.813232E+001,6.218048E+001,-5.175886E-001,-1.114031E+002,-5.199068E-001,-1.113881E+002,-2.085758E+001,-6.551649E+001
5860.0000,-1.816578E+001,6.145056E+001,-5.178189E-001,-1.118219E+002,-5.205387E-001,-1.117994E+002,-2.091921E+001,-6.777159E+001
5880.0000,-1.819081E+001,6.070955E+001,-5.182249E-001,-1.122427E+002,-5.205562E-001,-1.122211E+002,-2.101094E+001,-7.050737E+001
5900.0000,-1.821464E+001,6.010441E+001,-5.183668E-001,-1.126585E+002,-5.206461E-001,-1.126398E+002,-2.107977E+001,-7.331493E+001
5920.0000,-1.820150E+001,5.953145E+001,-5.191293E-001,-1.130789E+002,-5.214575E-001,-1.130698E+002,-2.112709E+001,-7.629247E+001
5940.0000,-1.819540E+001,5.903162E+001,-5.192110E-001,-1.135044E+002,-5.216987E-001,-1.134852E+002,-2.121525E+001,-7.898447E+001
5960.0000,-1.820793E+001,5.853118E+001,-5.199310E-001,-1.139252E+002,-5.223197E-001,-1.139061E+002,-2.128933E+001,-8.186453E+001
5980.0000,-1.822041E+001,5.793219E+001,-5.194488E-001,-1.143537E+002,-5.220805E-001,-1.143346E+002,-2.136491E+001,-8.491766E+001
6000.0000,-1.820697E+001,5.739532E+001,-5.204934E-001,-1.147767E+002,-5.221468E-001,-1.147549E+002,-2.135432E+001,-8.803866E+001
6020.0000,-1.818910E+001,5.675616E+001,-5.213171E-001,-1.152012E+002,-5.235895E-001,-1.151727E+002,-2.134231E+001,-9.111158E+001
6040.0000,-1.816190E+001,5.613464E+001,-5.219276E-001,-1.156244E+002,-5.243827E-001,-1.155971E+002,-2.132733E+001,-9.395121E+001
6060.0000,-1.816739E+001,5.556765E+001,-5.223579E-001,-1.160403E+002,-5.242166E-001,-1.160199E+002,-2.136177E+001,-9.668632E+001
6080.0000,-1.818846E+001,5.513301E+001,-5.223352E-001,-1.164630E+002,-5.235532E-001,-1.164419E+002,-2.145739E+001,-9.965121E+001
6100.0000,-1.820833E+001,5.470353E+001,-5.230177E-001,-1.168932E+002,-5.249093E-001,-1.168750E+002,-2.154224E+001,-1.028932E+002
6120.0000,-1.819466E+001,5.424709E+001,-5.240721E-001,-1.173195E+002,-5.257899E-001,-1.172996E+002,-2.156457E+001,-1.064279E+002
6140.0000,-1.814197E+001,5.363143E+001,-5.254641E-001,-1.177520E+002,-5.272283E-001,-1.177273E+002,-2.151999E+001,-1.093508E+002
6160.0000,-1.812169E+001,5.295701E+001,-5.257237E-001,-1.181797E+002,-5.282750E-001,-1.181559E+002,-2.148714E+001,-1.123320E+002
6180.0000,-1.811790E+001,5.237107E+001,-5.258098E-001,-1.186007E+002,-5.279231E-001,-1.185816E+002,-2.152801E+001,-1.151034E+002
6200.0000,-1.814173E+001,5.206202E+001,-5.257459E-001,-1.190266E+002,-5.278136E-001,-1.190029E+002,-2.157216E+001,-1.184241E+002
6220.0000,-1.816316E+001,5.165536E+001,-5.260282E-001,-1.194560E+002,-5.270531E-001,-1.194398E+002,-2.156790E+001,-1.219058E+002
6240.0000,-1.812855E+001,5.126551E+001,-5.263671E-001,-1.198926E+002,-5.266793E-001,-1.198777E+002,-2.152949E+001,-1.253116E+002
6260.0000,-1.807557E+001,5.057608E+001,-5.273846E-001,-1.203249E+002,-5.277856E-001,-1.203101E+002,-2.144345E+001,-1.282949E+002
6280.0000,-1.805223E+001,4.981930E+001,-5.274401E-001,-1.207598E+002,-5.292488E-001,-1.207345E+002,-2.139818E+001,-1.309261E+002
6300.0000,-1.801527E+001,4.922470E+001,-5.278726E-001,-1.211829E+002,-5.288524E-001,-1.211637E+002,-2.140291E+001,-1.337917E+002
6320.0000,-1.801130E+001,4.896865E+001,-5.261670E-001,-1.216282E+002,-5.281689E-001,-1.216082E+002,-2.142623E+001,-1.371831E+002
6340.0000,-1.798249E+001,4.869405E+001,-5.276671E-001,-1.220672E+002,-5.283555E-001,-1.220506E+002,-2.133278E+001,-1.410459E+002
6360.0000,-1.792663E+001,4.832073E+001,-5.282486E-001,-1.225098E+002,-5.288567E-001,-1.224937E+002,-2.121024E+001,-1.445240E+002
6380.0000,-1.787175E+001,4.763198E+001,-5.279101E-001,-1.229407E+002,-5.304106E-001,-1.229289E+002,-2.106489E+001,-1.473115E+002
6400.0000,-1.785322E+001,4.700304E+001,-5.295386E-001,-1.233796E+002,-5.317096E-001,-1.233678E+002,-2.096938E+001,-1.498726E+002
6420.0000,-1.782427E+001,4.643603E+001,-5.308091E-001,-1.238127E+002,-5.317477E-001,-1.238064E+002,-2.097334E+001,-1.525776E+002
6440.0000,-1.782156E+001,4.602958E+001,-5.304593E-001,-1.242659E+002,-5.324515E-001,-1.242476E+002,-2.096441E+001,-1.558920E+002
6460.0000,-1.778235E+001,4.550379E+001,-5.330639E-001,-1.247192E+002,-5.342309E-001,-1.246940E+002,-2.089158E+001,-1.593501E+002
6480.0000,-1.773971E+001,4.485437E+001,-5.334072E-001,-1.251573E+002,-5.342547E-001,-1.251496E+002,-2.074278E+001,-1.624935E+002
6500.0000,-1.766252E+001,4.411581E+001,-5.350780E-001,-1.256001E+002,-5.359511E-001,-1.255888E+002,-2.059091E+001,-1.648881E+002
6520.0000,-1.761268E+001,4.334906E+001,-5.358678E-001,-1.260412E+002,-5.375792E-001,-1.260320E+002,-2.051230E+001,-1.672937E+002
6540.0000,-1.756860E+001,4.283403E+001,-5.368426E-001,-1.264923E+002,-5.376824E-001,-1.264713E+002,-2.048431E+001,-1.701626E+002
6560.0000,-1.754075E+001,4.238190E+001,-5.369804E-001,-1.269385E+002,-5.383300E-001,-1.269230E+002,-2.042346E+001,-1.732201E+002
6580.0000,-1.750433E+001,4.190252E+001,-5.380707E-001,-1.273857E+002,-5.400834E-001,-1.273740E+002,-2.027368E+001,-1.766203E+002
6600.0000,-1.745007E+001,4.122718E+001,-5.402840E-001,-1.278258E+002,-5.423536E-001,-1.278193E+002,-2.011418E+001,-1.793991E+002
6620.0000,-1.737999E+001,4.039896E+001,-5.431576E-001,-1.282789E+002,-5.445799E-001,-1.282603E+002,-1.995721E+001,1.782107E+002
6640.0000,-1.731810E+001,3.963746E+001,-5.444040E-001,-1.287217E+002,-5.463189E-001,-1.287087E+002,-1.989298E+001,1.757293E+002
6660.0000,-1.727459E+001,3.902351E+001,-5.462499E-001,-1.291780E+002,-5.477968E-001,-1.291591E+002,-1.982111E+001,1.730330E+002
6680.0000,-1.721619E+001,3.855860E+001,-5.485722E-001,-1.296226E+002,-5.498669E-001,-1.296196E+002,-1.972655E+001,1.699719E+002
6700.0000,-1.717575E+001,3.800395E+001,-5.491089E-001,-1.300784E+002,-5.509689E-001,-1.300721E+002,-1.956973E+001,1.671625E+002
6720.0000,-1.711920E+001,3.726394E+001,-5.510644E-001,-1.305305E+002,-5.536264E-001,-1.305156E+002,-1.942150E+001,1.645220E+002
6740.0000,-1.706965E+001,3.638776E+001,-5.520589E-001,-1.309699E+002,-5.551279E-001,-1.309643E+002,-1.933467E+001,1.623372E+002
6760.0000,-1.702469E+001,3.567280E+001,-5.530367E-001,-1.314237E+002,-5.556893E-001,-1.314197E+002,-1.924409E+001,1.599231E+002
6780.0000,-1.699531E+001,3.495734E+001,-5.545143E-001,-1.318760E+002,-5.578914E-001,-1.318736E+002,-1.917646E+001,1.572860E+002
6800.0000,-1.693430E+001,3.430042E+001,-5.573341E-001,-1.323334E+002,-5.592959E-001,-1.323236E+002,-1.903640E+001,1.547198E+002
6820.0000,-1.687416E+001,3.347625E+001,-5.602592E-001,-1.327898E+002,-5.619292E-001,-1.327721E+002,-1.890089E+001,1.521863E+002
6840.0000,-1.681012E+001,3.251159E+001,-5.629129E-001,-1.332397E+002,-5.652895E-001,-1.332236E+002,-1.879158E+001,1.500610E+002
6860.0000,-1.674578E+001,3.164690E+001,-5.640236E-001,-1.336967E+002,-5.665969E-001,-1.336836E+002,-1.869918E+001,1.478090E+002
6880.0000,-1.670160E+001,3.083333E+001,-5.657376E-001,-1.341543E+002,-5.687220E-001,-1.341418E+002,-1.861438E+001,1.454395E+002
6900.0000,-1.666426E+001,3.006089E+001,-5.671903E-001,-1.346088E+002,-5.689804E-001,-1.345974E+002,-1.850175E+001,1.429134E+002
6920.0000,-1.661090E+001,2.927089E+001,-5.695770E-001,-1.350629E+002,-5.722100E-001,-1.350563E+002,-1.836145E+001,1.405221E+002
6940.0000,-1.654414E+001,2.836850E+001,-5.717269E-001,-1.355181E+002,-5.758427E-001,-1.355170E+002,-1.821203E+001,1.383797E+002
6960.0000,-1.647853E+001,2.738851E+001,-5.742821E-001,-1.359742E+002,-5.770130E-001,-1.359698E+002,-1.810057E+001,1.362696E+002
6980.0000,-1.643028E+001,2.635218E+001,-5.770850E-001,-1.364267E+002,-5.805342E-001,-1.364290E+002,-1.802103E+001,1.342475E+002
7000.0000,-1.639434E+001,2.547800E+001,-5.789557E-001,-1.368858E+002,-5.825490E-001,-1.368791E+002,-1.794946E+001,1.319897E+002
7020.0000,-1.636582E+001,2.455450E+001,-5.804212E-001,-1.373378E+002,-5.839896E-001,-1.373344E+002,-1.786471E+001,1.298106E+002
7040.0000,-1.631539E+001,2.358385E+001,-5.817194E-001,-1.378084E+002,-5.862612E-001,-1.377989E+002,-1.777334E+001,1.276611E+002
7060.0000,-1.628359E+001,2.252922E+001,-5.844483E-001,-1.382630E+002,-5.893373E-001,-1.382501E+002,-1.768428E+001,1.256146E+002
7080.0000,-1.622796E+001,2.153901E+001,-5.867719E-001,-1.387288E+002,-5.911342E-001,-1.387133E+002,-1.761194E+001,1.235761E+002
7100.0000,-1.618974E+001,2.052393E+001,-5.882634E-001,-1.391862E+002,-5.938849E-001,-1.391809E+002,-1.752989E+001,1.214099E+002
7120.0000,-1.614604E+001,1.962922E+001,-5.905026E-001,-1.396597E+002,-5.962214E-001,-1.396372E+002,-1.742864E+001,1.192954E+002
7140.0000,-1.608755E+001,1.853557E+001,-5.931094E-001,-1.401190E+002,-5.983661E-001,-1.400991E+002,-1.730557E+001,1.172267E+002
7160.0000,-1.603060E+001,1.741292E+001,-5.955585E-001,-1.405932E+002,-6.009822E-001,-1.405666E+002,-1.718834E+001,1.155006E+002
7180.0000,-1.597997E+001,1.618009E+001,-5.993811E-001,-1.410476E+002,-6.041675E-001,-1.410249E+002,-1.710900E+001,1.138325E+002
7200.0000,-1.596348E+001,1.511155E+001,-6.010565E-001,-1.414982E+002,-6.059915E-001,-1.414836E+002,-1.706871E+001,1.119098E+002
7220.0000,-1.595518E+001,1.406170E+001,-6.021656E-001,-1.419674E+002,-6.074715E-001,-1.419496E+002,-1.702762E+001,1.099207E+002
7240.0000,-1.593455E+001,1.295831E+001,-6.032853E-001,-1.424308E+002,-6.084849E-001,-1.424057E+002,-1.695922E+001,1.078127E+002
7260.0000,-1.589730E+001,1.191712E+001,-6.065246E-001,-1.429083E+002,-6.113456E-001,-1.428838E+002,-1.687640E+001,1.058339E+002
7280.0000,-1.585135E+001,1.070687E+001,-6.091489E-001,-1.433806E+002,-6.152077E-001,-1.433539E+002,-1.678877E+001,1.039722E+002
7300.0000,-1.581537E+001,9.474566E+000,-6.130034E-001,-1.438517E+002,-6.188990E-001,-1.438192E+002,-1.671888E+001,1.023020E+002
7320.0000,-1.580622E+001,8.288781E+000,-6.148449E-001,-1.443140E+002,-6.209095E-001,-1.442786E+002,-1.666800E+001,1.005120E+002
7340.0000,-1.579363E+001,7.112299E+000,-6.169028E-001,-1.447829E+002,-6.218607E-001,-1.447482E+002,-1.663739E+001,9.867136E+001
7360.0000,-1.577114E+001,5.880834E+000,-6.198232E-001,-1.452523E+002,-6.244548E-001,-1.452156E+002,-1.657323E+001,9.685424E+001
7380.0000,-1.574797E+001,4.718235E+000,-6.216079E-001,-1.457304E+002,-6.256199E-001,-1.456896E+002,-1.650801E+001,9.501503E+001
7400.0000,-1.572197E+001,3.408060E+000,-6.244636E-001,-1.461995E+002,-6.288870E-001,-1.461615E+002,-1.644175E+001,9.346680E+001
7420.0000,-1.573203E+001,2.143072E+000,-6.259176E-001,-1.466685E+002,-6.306209E-001,-1.466322E+002,-1.638750E+001,9.181611E+001
7440.0000,-1.573968E+001,7.529588E-001,-6.292058E-001,-1.471275E+002,-6.326740E-001,-1.470986E+002,-1.637882E+001,9.017625E+001
7460.0000,-1.573296E+001,-5.809788E-001,-6.321520E-001,-1.476079E+002,-6.347460E-001,-1.475727E+002,-1.634774E+001,8.842607E+001
7480.0000,-1.570535E+001,-1.984923E+000,-6.339951E-001,-1.480879E+002,-6.376085E-001,-1.480569E+002,-1.630332E+001,8.668388E+001
7500.0000,-1.568598E+001,-3.308131E+000,-6.372696E-001,-1.485648E+002,-6.390691E-001,-1.485365E+002,-1.623218E+001,8.508945E+001
7520.0000,-1.567595E+001,-4.707307E+000,-6.397654E-001,-1.490392E+002,-6.428043E-001,-1.490125E+002,-1.620766E+001,8.361525E+001
7540.0000,-1.570335E+001,-6.031754E+000,-6.411471E-001,-1.495074E+002,-6.446482E-001,-1.494803E+002,-1.617590E+001,8.197190E+001
7560.0000,-1.571524E+001,-7.280509E+000,-6.430933E-001,-1.499876E+002,-6.460320E-001,-1.499576E+002,-1.616846E+001,8.011769E+001
7580.0000,-1.571584E+001,-8.487911E+000,-6.446292E-001,-1.504661E+002,-6.486347E-001,-1.504362E+002,-1.613981E+001,7.834042E+001
7600.0000,-1.570214E+001,-9.833380E+000,-6.466238E-001,-1.509559E+002,-6.528100E-001,-1.509193E+002,-1.607488E+001,7.664679E+001
7620.0000,-1.571057E+001,-1.132175E+001,-6.499068E-001,-1.514283E+002,-6.545953E-001,-1.513947E+002,-1.603574E+001,7.520898E+001
7640.0000,-1.574146E+001,-1.292250E+001,-6.529641E-001,-1.519102E+002,-6.570339E-001,-1.518714E+002,-1.603227E+001,7.397813E+001
7660.0000,-1.577964E+001,-1.448626E+001,-6.543264E-001,-1.523835E+002,-6.588165E-001,-1.523463E+002,-1.605929E+001,7.248312E+001
7680.0000,-1.579390E+001,-1.587869E+001,-6.581926E-001,-1.528730E+002,-6.600661E-001,-1.528346E+002,-1.607804E+001,7.085216E+001
7700.0000,-1.581161E+001,-1.716357E+001,-6.583655E-001,-1.533613E+002,-6.619332E-001,-1.533280E+002,-1.605141E+001,6.911217E+001
7720.0000,-1.581233E+001,-1.860980E+001,-6.607580E-001,-1.538483E+002,-6.635079E-001,-1.538124E+002,-1.598723E+001,6.760278E+001
7740.0000,-1.586199E+001,-2.025467E+001,-6.643194E-001,-1.543332E+002,-6.659937E-001,-1.542975E+002,-1.594340E+001,6.638919E+001
7760.0000,-1.592108E+001,-2.193186E+001,-6.677000E-001,-1.548157E+002,-6.688722E-001,-1.547802E+002,-1.596264E+001,6.522869E+001
7780.0000,-1.596073E+001,-2.356606E+001,-6.696461E-001,-1.553022E+002,-6.713759E-001,-1.552619E+002,-1.600717E+001,6.384570E+001
7800.0000,-1.599629E+001,-2.509207E+001,-6.717234E-001,-1.557888E+002,-6.734869E-001,-1.557509E+002,-1.604683E+001,6.220933E+001
7820.0000,-1.600975E+001,-2.661411E+001,-6.743935E-001,-1.562863E+002,-6.763290E-001,-1.562475E+002,-1.602467E+001,6.060433E+001
7840.0000,-1.602799E+001,-2.818954E+001,-6.760324E-001,-1.567789E+002,-6.784629E-001,-1.567387E+002,-1.599105E+001,5.906382E+001
7860.0000,-1.607681E+001,-2.987887E+001,-6.788122E-001,-1.572662E+002,-6.807027E-001,-1.572305E+002,-1.598131E+001,5.788792E+001
7880.0000,-1.613292E+001,-3.153807E+001,-6.816047E-001,-1.577607E+002,-6.822201E-001,-1.577213E+002,-1.600414E+001,5.672476E+001
7900.0000,-1.620205E+001,-3.305109E+001,-6.821178E-001,-1.582635E+002,-6.846482E-001,-1.582193E+002,-1.605707E+001,5.536670E+001
7920.0000,-1.626701E+001,-3.452067E+001,-6.831240E-001,-1.587523E+002,-6.865541E-001,-1.587091E+002,-1.605851E+001,5.384690E+001
7940.0000,-1.632137E+001,-3.625521E+001,-6.874859E-001,-1.592618E+002,-6.883116E-001,-1.592173E+002,-1.604740E+001,5.252658E+001
7960.0000,-1.639742E+001,-3.811068E+001,-6.901608E-001,-1.597510E+002,-6.909488E-001,-1.597215E+002,-1.602774E+001,5.140309E+001
7980.0000,-1.647640E+001,-4.008442E+001,-6.928430E-001,-1.602494E+002,-6.941555E-001,-1.602134E+002,-1.606273E+001,5.047108E+001
8000.0000,-1.656878E+001,-4.187081E+001,-6.952450E-001,-1.607464E+002,-6.954980E-001,-1.607128E+002,-1.613120E+001,4.948495E+001
8020.0000,-1.663688E+001,-4.358047E+001,-6.976635E-001,-1.612553E+002,-6.971360E-001,-1.612195E+002,-1.620350E+001,4.813836E+001
8040.0000,-1.670696E+001,-4.528269E+001,-7.004776E-001,-1.617679E+002,-6.989713E-001,-1.617274E+002,-1.622241E+001,4.667295E+001
8060.0000,-1.676335E+001,-4.705476E+001,-7.019479E-001,-1.622716E+002,-7.019852E-001,-1.622449E+002,-1.620549E+001,4.532198E+001
8080.0000,-1.685508E+001,-4.899026E+001,-7.050017E-001,-1.627734E+002,-7.042145E-001,-1.627422E+002,-1.620134E+001,4.425229E+001
8100.0000,-1.695261E+001,-5.097678E+001,-7.080593E-001,-1.632867E+002,-7.073430E-001,-1.632468E+002,-1.622527E+001,4.343196E+001
8120.0000,-1.707287E+001,-5.291062E+001,-7.110502E-001,-1.637871E+002,-7.101868E-001,-1.637626E+002,-1.629945E+001,4.254929E+001
8140.0000,-1.717436E+001,-5.480202E+001,-7.136535E-001,-1.643038E+002,-7.129221E-001,-1.642710E+002,-1.635048E+001,4.151961E+001
8160.0000,-1.727442E+001,-5.677459E+001,-7.163340E-001,-1.648195E+002,-7.167237E-001,-1.647909E+002,-1.639058E+001,4.027403E+001
8180.0000,-1.737288E+001,-5.862432E+001,-7.185732E-001,-1.653301E+002,-7.178900E-001,-1.653118E+002,-1.641962E+001,3.912433E+001
8200.0000,-1.748641E+001,-6.057332E+001,-7.221465E-001,-1.658421E+002,-7.212385E-001,-1.658247E+002,-1.644224E+001,3.818402E+001
8220.0000,-1.761103E+001,-6.243222E+001,-7.240230E-001,-1.663716E+002,-7.231668E-001,-1.663373E+002,-1.650957E+001,3.720034E+001
8240.0000,-1.774210E+001,-6.441646E+001,-7.264866E-001,-1.668870E+002,-7.261367E-001,-1.668660E+002,-1.656293E+001,3.627312E+001
8260.0000,-1.787339E+001,-6.648730E+001,-7.291965E-001,-1.674122E+002,-7.292030E-001,-1.673844E+002,-1.659749E+001,3.522531E+001
8280.0000,-1.799405E+001,-6.877164E+001,-7.330213E-001,-1.679338E+002,-7.325232E-001,-1.679097E+002,-1.661319E+001,3.442413E+001
8300.0000,-1.814601E+001,-7.110123E+001,-7.368916E-001,-1.684582E+002,-7.369969E-001,-1.684381E+002,-1.664915E+001,3.376198E+001
8320.0000,-1.829320E+001,-7.349488E+001,-7.407458E-001,-1.689795E+002,-7.416576E-001,-1.689562E+002,-1.670799E+001,3.313313E+001
8340.0000,-1.846669E+001,-7.556142E+001,-7.431356E-001,-1.695033E+002,-7.436135E-001,-1.694866E+002,-1.679051E+001,3.228520E+001
8360.0000,-1.860682E+001,-7.775314E+001,-7.463034E-001,-1.700407E+002,-7.478898E-001,-1.700236E+002,-1.686243E+001,3.122632E+001
8380.0000,-1.875725E+001,-8.011211E+001,-7.520967E-001,-1.705753E+002,-7.520701E-001,-1.705590E+002,-1.687283E+001,3.030551E+001
8400.0000,-1.887655E+001,-8.257408E+001,-7.565888E-001,-1.711200E+002,-7.569149E-001,-1.710981E+002,-1.688424E+001,2.957190E+001
8420.0000,-1.903482E+001,-8.525700E+001,-7.628620E-001,-1.716404E+002,-7.639565E-001,-1.716279E+002,-1.689187E+001,2.919088E+001
8440.0000,-1.921608E+001,-8.772101E+001,-7.665012E-001,-1.721647E+002,-7.676294E-001,-1.721622E+002,-1.694460E+001,2.878014E+001
8460.0000,-1.944041E+001,-9.018847E+001,-7.693444E-001,-1.727055E+002,-7.707117E-001,-1.726827E+002,-1.704820E+001,2.817382E+001
8480.0000,-1.962149E+001,-9.260925E+001,-7.740775E-001,-1.732421E+002,-7.757007E-001,-1.732260E+002,-1.710978E+001,2.736830E+001
8500.0000,-1.977635E+001,-9.538037E+001,-7.790274E-001,-1.737932E+002,-7.806371E-001,-1.737773E+002,-1.713013E+001,2.649315E+001
8520.0000,-1.993953E+001,-9.826663E+001,-7.841592E-001,-1.743348E+002,-7.865286E-001,-1.743200E+002,-1.710882E+001,2.594427E+001
8540.0000,-2.013955E+001,-1.011624E+002,-7.916855E-001,-1.748773E+002,-7.935957E-001,-1.748473E+002,-1.710642E+001,2.573213E+001
8560.0000,-2.034367E+001,-1.041754E+002,-7.975003E-001,-1.754140E+002,-7.986494E-001,-1.753949E+002,-1.715629E+001,2.553429E+001
8580.0000,-2.059123E+001,-1.071526E+002,-8.017906E-001,-1.759494E+002,-8.037825E-001,-1.759244E+002,-1.722467E+001,2.517039E+001
8600.0000,-2.079120E+001,-1.100937E+002,-8.075463E-001,-1.765067E+002,-8.099679E-001,-1.764781E+002,-1.727525E+001,2.453074E+001
8620.0000,-2.094968E+001,-1.133189E+002,-8.140357E-001,-1.770548E+002,-8.149848E-001,-1.770255E+002,-1.727685E+001,2.370495E+001
8640.0000,-2.112240E+001,-1.167306E+002,-8.218272E-001,-1.776025E+002,-8.215429E-001,-1.775792E+002,-1.723622E+001,2.339787E+001
8660.0000,-2.132004E+001,-1.202518E+002,-8.291640E-001,-1.781547E+002,-8.311819E-001,-1.781347E+002,-1.721520E+001,2.330274E+001
8680.0000,-2.154636E+001,-1.237042E+002,-8.368305E-001,-1.786934E+002,-8.383654E-001,-1.786764E+002,-1.724470E+001,2.315863E+001
8700.0000,-2.178058E+001,-1.271570E+002,-8.453779E-001,-1.792296E+002,-8.458802E-001,-1.792163E+002,-1.729738E+001,2.272232E+001
8720.0000,-2.196196E+001,-1.306572E+002,-8.529884E-001,-1.797880E+002,-8.534751E-001,-1.797687E+002,-1.730497E+001,2.201923E+001
8740.0000,-2.211299E+001,-1.344800E+002,-8.603822E-001,1.796617E+002,-8.618934E-001,1.796691E+002,-1.723921E+001,2.151480E+001
8760.0000,-2.228762E+001,-1.385568E+002,-8.692048E-001,1.791070E+002,-8.712921E-001,1.791273E+002,-1.716292E+001,2.132631E+001
8780.0000,-2.245470E+001,-1.428205E+002,-8.800578E-001,1.785665E+002,-8.799240E-001,1.785838E+002,-1.712835E+001,2.152646E+001
8800.0000,-2.263794E+001,-1.471354E+002,-8.883399E-001,1.780145E+002,-8.891097E-001,1.780294E+002,-1.715584E+001,2.166165E+001
8820.0000,-2.279259E+001,-1.512000E+002,-8.981997E-001,1.774700E+002,-8.996823E-001,1.774823E+002,-1.719164E+001,2.133356E+001
8840.0000,-2.292819E+001,-1.555288E+002,-9.077212E-001,1.769205E+002,-9.091608E-001,1.769433E+002,-1.717889E+001,2.048742E+001
8860.0000,-2.301214E+001,-1.594722E+002,-9.160644E-001,1.763671E+002,-9.177161E-001,1.763992E+002,-1.711350E+001,1.968933E+001
8880.0000,-2.311049E+001,-1.638039E+002,-9.274501E-001,1.758295E+002,-9.255679E-001,1.758525E+002,-1.701171E+001,1.929167E+001
8900.0000,-2.319827E+001,-1.679344E+002,-9.377978E-001,1.752892E+002,-9.369630E-001,1.753126E+002,-1.694434E+001,1.914670E+001
8920.0000,-2.330171E+001,-1.724702E+002,-9.473159E-001,1.747507E+002,-9.476566E-001,1.747712E+002,-1.692033E+001,1.906138E+001
8940.0000,-2.336700E+001,-1.766941E+002,-9.564255E-001,1.741990E+002,-9.565955E-001,1.742299E+002,-1.692256E+001,1.867007E+001
8960.0000,-2.340629E+001,1.786144E+002,-9.676523E-001,1.736635E+002,-9.665375E-001,1.736752E+002,-1.688356E+001,1.808820E+001
8980.0000,-2.340619E+001,1.739828E+002,-9.805168E-001,1.731294E+002,-9.791972E-001,1.731393E+002,-1.678548E+001,1.745004E+001
9000.0000,-2.330236E+001,1.693208E+002,-9.926778E-001,1.726034E+002,-9.916592E-001,1.726038E+002,-1.668291E+001,1.708245E+001
9050.0000,-2.309046E+001,1.592929E+002,-1.018624E+000,1.712728E+002,-1.018330E+000,1.712701E+002,-1.656972E+001,1.598009E+001
9100.0000,-2.290487E+001,1.494379E+002,-1.042258E+000,1.699727E+002,-1.045417E+000,1.699702E+002,-1.635099E+001,1.394144E+001
9150.0000,-2.248602E+001,1.395934E+002,-1.064648E+000,1.686581E+002,-1.067757E+000,1.686717E+002,-1.621782E+001,1.297737E+001
9200.0000,-2.196377E+001,1.312591E+002,-1.083688E+000,1.673567E+002,-1.086063E+000,1.673868E+002,-1.609273E+001,1.074148E+001
9250.0000,-2.138267E+001,1.236513E+002,-1.098326E+000,1.660460E+002,-1.098821E+000,1.660689E+002,-1.590666E+001,9.161616E+000
9300.0000,-2.084022E+001,1.157613E+002,-1.107917E+000,1.647247E+002,-1.109140E+000,1.647255E+002,-1.580852E+001,7.470068E+000
9350.0000,-2.017723E+001,1.085035E+002,-1.118142E+000,1.633419E+002,-1.120964E+000,1.633517E+002,-1.561370E+001,5.873507E+000
9400.0000,-1.948584E+001,1.020722E+002,-1.128767E+000,1.619539E+002,-1.132465E+000,1.619628E+002,-1.546455E+001,3.960342E+000
9450.0000,-1.885804E+001,9.575522E+001,-1.139620E+000,1.605434E+002,-1.143872E+000,1.605613E+002,-1.521781E+001,2.088787E+000
9500.0000,-1.823812E+001,8.909889E+001,-1.149242E+000,1.591062E+002,-1.152689E+000,1.591299E+002,-1.507825E+001,5.582291E-001
9550.0000,-1.766557E+001,8.348285E+001,-1.163209E+000,1.576540E+002,-1.166454E+000,1.576651E+002,-1.487850E+001,-2.009930E+000
9600.0000,-1.712455E+001,7.757091E+001,-1.176562E+000,1.561709E+002,-1.178844E+000,1.561880E+002,-1.465941E+001,-3.659919E+000
9650.0000,-1.664924E+001,7.186456E+001,-1.192964E+000,1.546873E+002,-1.195389E+000,1.547034E+002,-1.449306E+001,-6.122716E+000
9700.0000,-1.619703E+001,6.625225E+001,-1.213270E+000,1.531800E+002,-1.216428E+000,1.531990E+002,-1.424288E+001,-8.644236E+000
9750.0000,-1.571843E+001,6.077203E+001,-1.235000E+000,1.516857E+002,-1.237082E+000,1.516919E+002,-1.404173E+001,-1.113818E+001
9800.0000,-1.531938E+001,5.543581E+001,-1.256770E+000,1.501862E+002,-1.260475E+000,1.501902E+002,-1.381253E+001,-1.380445E+001
9850.0000,-1.496371E+001,5.022540E+001,-1.279910E+000,1.486786E+002,-1.281857E+000,1.486822E+002,-1.367188E+001,-1.666266E+001
9900.0000,-1.463024E+001,4.530943E+001,-1.304356E+000,1.471725E+002,-1.305418E+000,1.471601E+002,-1.344641E+001,-1.989146E+001
9950.0000,-1.431796E+001,4.011143E+001,-1.329129E+000,1.456541E+002,-1.332035E+000,1.456591E+002,-1.330438E+001,-2.276108E+001
10000.000,-1.404242E+001,3.536972E+001,-1.352288E+000,1.441258E+002,-1.356130E+000,1.441260E+002,-1.314145E+001,-2.650674E+001
10050.000,-1.374826E+001,3.023971E+001,-1.380930E+000,1.425973E+002,-1.385064E+000,1.426079E+002,-1.295052E+001,-2.932806E+001
10100.000,-1.352063E+001,2.557055E+001,-1.403563E+000,1.410893E+002,-1.406919E+000,1.410932E+002,-1.289647E+001,-3.310509E+001
10150.000,-1.327765E+001,2.109503E+001,-1.430792E+000,1.395495E+002,-1.435157E+000,1.395554E+002,-1.272131E+001,-3.672829E+001
10200.000,-1.311642E+001,1.655141E+001,-1.454561E+000,1.380103E+002,-1.457928E+000,1.380172E+002,-1.269122E+001,-4.037901E+001
10250.000,-1.292547E+001,1.216384E+001,-1.477684E+000,1.364477E+002,-1.482230E+000,1.364610E+002,-1.256773E+001,-4.438324E+001
10300.000,-1.279547E+001,7.575297E+000,-1.501005E+000,1.349040E+002,-1.506202E+000,1.349110E+002,-1.253650E+001,-4.789466E+001
10350.000,-1.264504E+001,3.302069E+000,-1.524031E+000,1.333252E+002,-1.530826E+000,1.333236E+002,-1.248565E+001,-5.245699E+001
10400.000,-1.251785E+001,-9.912710E-001,-1.550466E+000,1.317452E+002,-1.555324E+000,1.317587E+002,-1.240046E+001,-5.598988E+001
10450.000,-1.245498E+001,-5.442226E+000,-1.568212E+000,1.301462E+002,-1.573707E+000,1.301609E+002,-1.246629E+001,-6.015286E+001
10500.000,-1.232354E+001,-9.584625E+000,-1.595774E+000,1.285217E+002,-1.600401E+000,1.285419E+002,-1.239417E+001,-6.447116E+001
10550.000,-1.226016E+001,-1.379609E+001,-1.614485E+000,1.269139E+002,-1.620211E+000,1.269273E+002,-1.244659E+001,-6.860776E+001
10600.000,-1.218225E+001,-1.777114E+001,-1.640123E+000,1.252489E+002,-1.643733E+000,1.252756E+002,-1.245319E+001,-7.324606E+001
10650.000,-1.216360E+001,-2.193368E+001,-1.660131E+000,1.236241E+002,-1.664102E+000,1.236478E+002,-1.248526E+001,-7.758144E+001
10700.000,-1.213344E+001,-2.610010E+001,-1.682964E+000,1.219571E+002,-1.685680E+000,1.219717E+002,-1.258771E+001,-8.179458E+001
10750.000,-1.215805E+001,-2.998171E+001,-1.700432E+000,1.202604E+002,-1.704042E+000,1.202670E+002,-1.271903E+001,-8.677286E+001
10800.000,-1.212758E+001,-3.384393E+001,-1.723264E+000,1.185391E+002,-1.726197E+000,1.185388E+002,-1.279395E+001,-9.177219E+001
10850.000,-1.211150E+001,-3.767135E+001,-1.746207E+000,1.168126E+002,-1.749066E+000,1.168266E+002,-1.288329E+001,-9.664267E+001
10900.000,-1.213938E+001,-4.147801E+001,-1.766227E+000,1.150774E+002,-1.769445E+000,1.150882E+002,-1.302078E+001,-1.016889E+002
10950.000,-1.220832E+001,-4.530175E+001,-1.784053E+000,1.133091E+002,-1.786138E+000,1.133153E+002,-1.324413E+001,-1.066130E+002
11000.000,-1.223563E+001,-4.871812E+001,-1.803577E+000,1.115025E+002,-1.808301E+000,1.115092E+002,-1.341943E+001,-1.125534E+002
11050.000,-1.227208E+001,-5.229185E+001,-1.825790E+000,1.097083E+002,-1.831250E+000,1.097115E+002,-1.354086E+001,-1.174922E+002
11100.000,-1.239655E+001,-5.570598E+001,-1.842717E+000,1.078551E+002,-1.846135E+000,1.078731E+002,-1.391857E+001,-1.231863E+002
11150.000,-1.246044E+001,-5.921276E+001,-1.863272E+000,1.059669E+002,-1.867445E+000,1.059876E+002,-1.409701E+001,-1.293594E+002
11200.000,-1.252616E+001,-6.263387E+001,-1.883770E+000,1.040734E+002,-1.887848E+000,1.040971E+002,-1.435874E+001,-1.349350E+002
11250.000,-1.261114E+001,-6.568995E+001,-1.905487E+000,1.021453E+002,-1.909426E+000,1.021741E+002,-1.465815E+001,-1.415530E+002
11300.000,-1.273047E+001,-6.898849E+001,-1.925807E+000,1.002063E+002,-1.929316E+000,1.002269E+002,-1.496529E+001,-1.475112E+002
11350.000,-1.282832E+001,-7.215170E+001,-1.947885E+000,9.820438E+001,-1.952235E+000,9.823168E+001,-1.534916E+001,-1.544371E+002
11400.000,-1.290136E+001,-7.525101E+001,-1.972152E+000,9.620796E+001,-1.975848E+000,9.622642E+001,-1.562143E+001,-1.615342E+002
11450.000,-1.299796E+001,-7.804556E+001,-1.995897E+000,9.415835E+001,-2.000278E+000,9.418033E+001,-1.601088E+001,-1.691155E+002
11500.000,-1.307340E+001,-8.095859E+001,-2.023215E+000,9.208899E+001,-2.026514E+000,9.211758E+001,-1.628124E+001,-1.767803E+002
11550.000,-1.315670E+001,-8.372834E+001,-2.050349E+000,8.998528E+001,-2.055569E+000,9.000861E+001,-1.668718E+001,1.754719E+002
11600.000,-1.323343E+001,-8.632407E+001,-2.078294E+000,8.784727E+001,-2.081539E+000,8.787747E+001,-1.696934E+001,1.661840E+002
11650.000,-1.331605E+001,-8.916070E+001,-2.106125E+000,8.570238E+001,-2.107415E+000,8.571186E+001,-1.726411E+001,1.576267E+002
11700.000,-1.338036E+001,-9.196507E+001,-2.135976E+000,8.352110E+001,-2.137111E+000,8.351976E+001,-1.749762E+001,1.478423E+002
11750.000,-1.344907E+001,-9.451151E+001,-2.168769E+000,8.128482E+001,-2.167860E+000,8.128357E+001,-1.767388E+001,1.382093E+002
11800.000,-1.349861E+001,-9.701363E+001,-2.197266E+000,7.903586E+001,-2.199787E+000,7.902013E+001,-1.779087E+001,1.276828E+002
11850.000,-1.355439E+001,-9.958159E+001,-2.230144E+000,7.673271E+001,-2.233146E+000,7.672385E+001,-1.778593E+001,1.174764E+002
11900.000,-1.361674E+001,-1.020158E+002,-2.262002E+000,7.438319E+001,-2.266366E+000,7.435493E+001,-1.775909E+001,1.066192E+002
11950.000,-1.364240E+001,-1.047134E+002,-2.298964E+000,7.197669E+001,-2.304417E+000,7.196931E+001,-1.757418E+001,9.667899E+001
12000.000,-1.369829E+001,-1.072371E+002,-2.335656E+000,6.954382E+001,-2.339453E+000,6.953940E+001,-1.736756E+001,8.625036E+001
12050.000,-1.368301E+001,-1.099904E+002,-2.380953E+000,6.705849E+001,-2.387495E+000,6.706588E+001,-1.695591E+001,7.660368E+001
12100.000,-1.367703E+001,-1.127309E+002,-2.422579E+000,6.452435E+001,-2.429224E+000,6.453918E+001,-1.667147E+001,6.746802E+001
12150.000,-1.361869E+001,-1.152888E+002,-2.473040E+000,6.196064E+001,-2.483222E+000,6.194928E+001,-1.624047E+001,5.779500E+001
12200.000,-1.359237E+001,-1.183941E+002,-2.527034E+000,5.938136E+001,-2.532886E+000,5.937317E+001,-1.580902E+001,4.957450E+001
12250.000,-1.354817E+001,-1.214064E+002,-2.580684E+000,5.674061E+001,-2.588471E+000,5.674013E+001,-1.539741E+001,4.128765E+001
12300.000,-1.349783E+001,-1.245319E+002,-2.637591E+000,5.406477E+001,-2.645491E+000,5.405739E+001,-1.501867E+001,3.326140E+001
12350.000,-1.342795E+001,-1.276723E+002,-2.700294E+000,5.131819E+001,-2.707075E+000,5.130663E+001,-1.454605E+001,2.535601E+001
12400.000,-1.337473E+001,-1.315069E+002,-2.763821E+000,4.854525E+001,-2.774904E+000,4.857956E+001,-1.416702E+001,1.865891E+001
12450.000,-1.330782E+001,-1.350609E+002,-2.832288E+000,4.576310E+001,-2.840806E+000,4.576078E+001,-1.380848E+001,1.106522E+001
12500.000,-1.322393E+001,-1.391726E+002,-2.906506E+000,4.291449E+001,-2.914778E+000,4.289901E+001,-1.340859E+001,4.451564E+000
12550.000,-1.321276E+001,-1.427580E+002,-2.977160E+000,4.002093E+001,-2.986274E+000,4.001985E+001,-1.310393E+001,-2.041711E+000
12600.000,-1.318449E+001,-1.473040E+002,-3.058527E+000,3.706805E+001,-3.068509E+000,3.710386E+001,-1.276746E+001,-8.010216E+000
12650.000,-1.317785E+001,-1.516672E+002,-3.134836E+000,3.411050E+001,-3.146031E+000,3.410669E+001,-1.254826E+001,-1.394638E+001
12700.000,-1.317252E+001,-1.562216E+002,-3.223224E+000,3.107546E+001,-3.234257E+000,3.103361E+001,-1.224931E+001,-2.016912E+001
12750.000,-1.320974E+001,-1.615384E+002,-3.312825E+000,2.799587E+001,-3.322516E+000,2.800223E+001,-1.201423E+001,-2.495562E+001
12800.000,-1.323848E+001,-1.664318E+002,-3.396996E+000,2.487616E+001,-3.410211E+000,2.485366E+001,-1.187784E+001,-3.085129E+001
12850.000,-1.332886E+001,-1.714808E+002,-3.491995E+000,2.166912E+001,-3.503476E+000,2.164900E+001,-1.163215E+001,-3.608739E+001
12900.000,-1.345095E+001,-1.770647E+002,-3.580919E+000,1.845573E+001,-3.590494E+000,1.841592E+001,-1.152259E+001,-4.090405E+001
12950.000,-1.360004E+001,1.768342E+002,-3.673511E+000,1.512894E+001,-3.683804E+000,1.516951E+001,-1.140190E+001,-4.594169E+001
13000.000,-1.376411E+001,1.709035E+002,-3.770108E+000,1.177026E+001,-3.780456E+000,1.177802E+001,-1.125060E+001,-5.057961E+001
13050.000,-1.397949E+001,1.646561E+002,-3.864516E+000,8.315750E+000,-3.874726E+000,8.339747E+000,-1.117289E+001,-5.504912E+001
13100.000,-1.424529E+001,1.585732E+002,-3.959162E+000,4.781098E+000,-3.969992E+000,4.775689E+000,-1.106549E+001,-5.966419E+001
13150.000,-1.452759E+001,1.518280E+002,-4.056984E+000,1.173115E+000,-4.068016E+000,1.107556E+000,-1.099309E+001,-6.367117E+001
13200.000,-1.489978E+001,1.450968E+002,-4.158292E+000,-2.616158E+000,-4.165923E+000,-2.620872E+000,-1.094522E+001,-6.769402E+001
13250.000,-1.531894E+001,1.376559E+002,-4.264259E+000,-6.457249E+000,-4.275409E+000,-6.547219E+000,-1.089128E+001,-7.147974E+001
13300.000,-1.577705E+001,1.303219E+002,-4.374111E+000,-1.044152E+001,-4.384364E+000,-1.046531E+001,-1.089344E+001,-7.505202E+001
13350.000,-1.630123E+001,1.229173E+002,-4.487786E+000,-1.459808E+001,-4.502292E+000,-1.462663E+001,-1.087669E+001,-7.905867E+001
13400.000,-1.690562E+001,1.146259E+002,-4.616337E+000,-1.878645E+001,-4.632571E+000,-1.883621E+001,-1.084782E+001,-8.208160E+001
13450.000,-1.757276E+001,1.064069E+002,-4.744788E+000,-2.314669E+001,-4.760912E+000,-2.318468E+001,-1.091952E+001,-8.535553E+001
13500.000,-1.833162E+001,9.706678E+001,-4.890209E+000,-2.760793E+001,-4.905904E+000,-2.765871E+001,-1.092509E+001,-8.842960E+001
13550.000,-1.919598E+001,8.810995E+001,-5.037974E+000,-3.222155E+001,-5.058728E+000,-3.222997E+001,-1.098322E+001,-9.098259E+001
13600.000,-2.002430E+001,7.719976E+001,-5.200795E+000,-3.697353E+001,-5.221101E+000,-3.695905E+001,-1.100996E+001,-9.359007E+001
13650.000,-2.095104E+001,6.787909E+001,-5.367162E+000,-4.180520E+001,-5.389792E+000,-4.189671E+001,-1.104283E+001,-9.551034E+001
13700.000,-2.202627E+001,5.608044E+001,-5.543792E+000,-4.678891E+001,-5.564608E+000,-4.689853E+001,-1.107917E+001,-9.739928E+001
13750.000,-2.296078E+001,4.438999E+001,-5.731479E+000,-5.193785E+001,-5.750655E+000,-5.213730E+001,-1.103681E+001,-9.893796E+001
13800.000,-2.396765E+001,3.292334E+001,-5.932525E+000,-5.727742E+001,-5.951567E+000,-5.742637E+001,-1.096821E+001,-1.001556E+002
13850.000,-2.515626E+001,2.192951E+001,-6.147357E+000,-6.276912E+001,-6.168976E+000,-6.296308E+001,-1.081834E+001,-1.011598E+002
13900.000,-2.616929E+001,1.053962E+001,-6.373593E+000,-6.840044E+001,-6.394803E+000,-6.865846E+001,-1.066793E+001,-1.019717E+002
13950.000,-2.717284E+001,1.943982E+000,-6.618582E+000,-7.417622E+001,-6.644599E+000,-7.449753E+001,-1.041432E+001,-1.032362E+002
14000.000,-2.829318E+001,-5.212109E+000,-6.886939E+000,-8.008832E+001,-6.910891E+000,-8.056397E+001,-1.010576E+001,-1.041267E+002
14050.000,-2.953105E+001,-8.456390E+000,-7.170943E+000,-8.621194E+001,-7.199660E+000,-8.661868E+001,-9.765961E+000,-1.055285E+002
14100.000,-3.018557E+001,-5.559666E+000,-7.467002E+000,-9.246959E+001,-7.494769E+000,-9.293006E+001,-9.378659E+000,-1.069463E+002
14150.000,-3.001938E+001,1.871263E+000,-7.784051E+000,-9.879803E+001,-7.816992E+000,-9.930747E+001,-8.993435E+000,-1.088240E+002
14200.000,-2.835171E+001,8.507317E+000,-8.124013E+000,-1.053781E+002,-8.165147E+000,-1.059709E+002,-8.521976E+000,-1.109702E+002
14250.000,-2.604874E+001,1.111016E+001,-8.495604E+000,-1.120229E+002,-8.535835E+000,-1.126324E+002,-8.100320E+000,-1.132306E+002
14300.000,-2.384965E+001,1.032631E+001,-8.870335E+000,-1.187590E+002,-8.916841E+000,-1.193763E+002,-7.663047E+000,-1.160732E+002
14350.000,-2.174061E+001,4.962405E+000,-9.280388E+000,-1.255423E+002,-9.333020E+000,-1.264384E+002,-7.193980E+000,-1.192460E+002
14400.000,-1.973886E+001,-5.855256E-001,-9.697835E+000,-1.324109E+002,-9.751818E+000,-1.332045E+002,-6.777041E+000,-1.223626E+002
14450.000,-1.791383E+001,-8.266816E+000,-1.014973E+001,-1.392975E+002,-1.020555E+001,-1.403783E+002,-6.384224E+000,-1.260653E+002
14500.000,-1.624525E+001,-1.550909E+001,-1.062128E+001,-1.462868E+002,-1.067102E+001,-1.473136E+002,-5.995282E+000,-1.298752E+002
14550.000,-1.480368E+001,-2.339106E+001,-1.109660E+001,-1.532332E+002,-1.117167E+001,-1.543051E+002,-5.663843E+000,-1.336799E+002
14600.000,-1.349324E+001,-3.130284E+001,-1.159880E+001,-1.600580E+002,-1.167896E+001,-1.615011E+002,-5.351254E+000,-1.378560E+002
14650.000,-1.232645E+001,-3.920070E+001,-1.210839E+001,-1.669217E+002,-1.219203E+001,-1.681232E+002,-5.063638E+000,-1.417453E+002
14700.000,-1.131423E+001,-4.729775E+001,-1.261837E+001,-1.736085E+002,-1.272156E+001,-1.750649E+002,-4.852051E+000,-1.458743E+002
14750.000,-1.038518E+001,-5.517938E+001,-1.315554E+001,1.797406E+002,-1.326432E+001,1.783213E+002,-4.612877E+000,-1.500023E+002
14800.000,-9.536782E+000,-6.278379E+001,-1.369371E+001,1.732708E+002,-1.382039E+001,1.719568E+002,-4.434654E+000,-1.536635E+002
14850.000,-8.794012E+000,-7.030636E+001,-1.423089E+001,1.670188E+002,-1.437266E+001,1.657198E+002,-4.252464E+000,-1.575591E+002
14900.000,-8.149520E+000,-7.783028E+001,-1.477350E+001,1.610198E+002,-1.493297E+001,1.597570E+002,-4.069658E+000,-1.612531E+002
14950.000,-7.541097E+000,-8.507230E+001,-1.529988E+001,1.553483E+002,-1.546513E+001,1.541972E+002,-3.901856E+000,-1.649627E+002
15000.000,-7.001411E+000,-9.199362E+001,-1.583554E+001,1.500093E+002,-1.599251E+001,1.490094E+002,-3.683850E+000,-1.686159E+002
15050.000,-6.505985E+000,-9.890601E+001,-1.630713E+001,1.449446E+002,-1.647178E+001,1.440242E+002,-3.507376E+000,-1.723849E+002
15100.000,-6.075130E+000,-1.054532E+002,-1.675783E+001,1.401353E+002,-1.690549E+001,1.392952E+002,-3.310480E+000,-1.762474E+002
15150.000,-5.683027E+000,-1.119003E+002,-1.717272E+001,1.355693E+002,-1.732212E+001,1.346854E+002,-3.130868E+000,1.799147E+002
15200.000,-5.314053E+000,-1.181563E+002,-1.756091E+001,1.311049E+002,-1.769580E+001,1.303364E+002,-2.982771E+000,1.758283E+002
15250.000,-4.990442E+000,-1.243093E+002,-1.790668E+001,1.266537E+002,-1.802475E+001,1.260199E+002,-2.835603E+000,1.718003E+002
15300.000,-4.700219E+000,-1.302113E+002,-1.824284E+001,1.224487E+002,-1.835995E+001,1.217224E+002,-2.710105E+000,1.677208E+002
15350.000,-4.444160E+000,-1.358884E+002,-1.855105E+001,1.184451E+002,-1.865206E+001,1.176989E+002,-2.597301E+000,1.638953E+002
15400.000,-4.217041E+000,-1.414807E+002,-1.882971E+001,1.143589E+002,-1.893212E+001,1.135576E+002,-2.519597E+000,1.598377E+002
15450.000,-4.014558E+000,-1.468967E+002,-1.907979E+001,1.103323E+002,-1.918623E+001,1.094322E+002,-2.440916E+000,1.559268E+002
15500.000,-3.841154E+000,-1.521964E+002,-1.932878E+001,1.062383E+002,-1.945438E+001,1.053512E+002,-2.387938E+000,1.521014E+002
15550.000,-3.675277E+000,-1.572671E+002,-1.959223E+001,1.021109E+002,-1.974745E+001,1.012443E+002,-2.336736E+000,1.482290E+002
15600.000,-3.547236E+000,-1.621658E+002,-1.987138E+001,9.807900E+001,-2.003353E+001,9.726717E+001,-2.298776E+000,1.444931E+002
15650.000,-3.408956E+000,-1.670231E+002,-2.016174E+001,9.402505E+001,-2.033296E+001,9.354439E+001,-2.255306E+000,1.408752E+002
15700.000,-3.293682E+000,-1.715840E+002,-2.049399E+001,9.025669E+001,-2.065013E+001,8.970436E+001,-2.233892E+000,1.374569E+002
15750.000,-3.191521E+000,-1.761053E+002,-2.083414E+001,8.644236E+001,-2.098952E+001,8.616261E+001,-2.220402E+000,1.337766E+002
15800.000,-3.090319E+000,1.793593E+002,-2.120491E+001,8.279623E+001,-2.135551E+001,8.268279E+001,-2.170004E+000,1.303293E+002
15850.000,-2.977866E+000,1.750925E+002,-2.165255E+001,7.935937E+001,-2.176894E+001,7.940326E+001,-2.152579E+000,1.271766E+002
15900.000,-2.884322E+000,1.710720E+002,-2.209857E+001,7.644088E+001,-2.220173E+001,7.651321E+001,-2.123116E+000,1.238148E+002
15950.000,-2.797683E+000,1.670694E+002,-2.260455E+001,7.396179E+001,-2.267634E+001,7.398700E+001,-2.085319E+000,1.205658E+002
16000.000,-2.716591E+000,1.630567E+002,-2.308533E+001,7.202006E+001,-2.315373E+001,7.193199E+001,-2.053070E+000,1.172583E+002
16050.000,-2.619032E+000,1.590635E+002,-2.354160E+001,7.033212E+001,-2.361546E+001,7.032108E+001,-1.998303E+000,1.139335E+002
16100.000,-2.533386E+000,1.552459E+002,-2.403325E+001,6.926161E+001,-2.407537E+001,6.925586E+001,-1.947311E+000,1.107818E+002
16150.000,-2.453955E+000,1.513279E+002,-2.445265E+001,6.868498E+001,-2.450076E+001,6.854331E+001,-1.910516E+000,1.073749E+002
16200.000,-2.375041E+000,1.476475E+002,-2.480086E+001,6.845647E+001,-2.486761E+001,6.827823E+001,-1.852042E+000,1.040905E+002
16250.000,-2.308021E+000,1.438878E+002,-2.513548E+001,6.822262E+001,-2.519997E+001,6.814191E+001,-1.814422E+000,1.008692E+002
16300.000,-2.243124E+000,1.402066E+002,-2.542666E+001,6.833665E+001,-2.547634E+001,6.820340E+001,-1.773431E+000,9.751479E+001
16350.000,-2.184553E+000,1.365266E+002,-2.566946E+001,6.852312E+001,-2.570444E+001,6.836987E+001,-1.736456E+000,9.411762E+001
16400.000,-2.117454E+000,1.329224E+002,-2.585356E+001,6.880196E+001,-2.588236E+001,6.848210E+001,-1.696566E+000,9.074319E+001
16450.000,-2.076272E+000,1.292401E+002,-2.599240E+001,6.906709E+001,-2.604037E+001,6.859742E+001,-1.658251E+000,8.752271E+001
16500.000,-2.011323E+000,1.257084E+002,-2.611612E+001,6.912493E+001,-2.618553E+001,6.869725E+001,-1.639190E+000,8.419250E+001
16550.000,-1.975971E+000,1.222374E+002,-2.621751E+001,6.922497E+001,-2.629051E+001,6.876709E+001,-1.609312E+000,8.086212E+001
16600.000,-1.915689E+000,1.187030E+002,-2.628582E+001,6.923618E+001,-2.640339E+001,6.885476E+001,-1.590892E+000,7.759775E+001
16650.000,-1.887115E+000,1.153831E+002,-2.636683E+001,6.919203E+001,-2.648828E+001,6.898678E+001,-1.565627E+000,7.440831E+001
16700.000,-1.847696E+000,1.119541E+002,-2.642057E+001,6.914925E+001,-2.653030E+001,6.917276E+001,-1.557691E+000,7.114603E+001
16750.000,-1.814263E+000,1.085926E+002,-2.646522E+001,6.896722E+001,-2.656399E+001,6.922401E+001,-1.527796E+000,6.778327E+001
16800.000,-1.783172E+000,1.051841E+002,-2.653554E+001,6.892896E+001,-2.659195E+001,6.916157E+001,-1.522478E+000,6.479745E+001
16850.000,-1.746300E+000,1.019774E+002,-2.656665E+001,6.899550E+001,-2.660947E+001,6.915121E+001,-1.505993E+000,6.134081E+001
16900.000,-1.724847E+000,9.872490E+001,-2.658682E+001,6.879958E+001,-2.662285E+001,6.893829E+001,-1.483567E+000,5.817099E+001
16950.000,-1.706500E+000,9.544687E+001,-2.662292E+001,6.878693E+001,-2.664900E+001,6.891191E+001,-1.491214E+000,5.498951E+001
17000.000,-1.683664E+000,9.216781E+001,-2.664109E+001,6.872163E+001,-2.666129E+001,6.870671E+001,-1.462239E+000,5.169622E+001
17050.000,-1.654614E+000,8.894825E+001,-2.664870E+001,6.885016E+001,-2.667571E+001,6.888736E+001,-1.454079E+000,4.844313E+001
17100.000,-1.639598E+000,8.580886E+001,-2.663486E+001,6.894766E+001,-2.665205E+001,6.882487E+001,-1.435594E+000,4.529015E+001
17150.000,-1.625793E+000,8.261204E+001,-2.659146E+001,6.880791E+001,-2.661423E+001,6.877399E+001,-1.432350E+000,4.207778E+001
17200.000,-1.608949E+000,7.935368E+001,-2.655601E+001,6.854868E+001,-2.657562E+001,6.857841E+001,-1.426083E+000,3.877431E+001
17250.000,-1.584535E+000,7.629739E+001,-2.652809E+001,6.844231E+001,-2.653528E+001,6.832362E+001,-1.410575E+000,3.568203E+001
17300.000,-1.580662E+000,7.305730E+001,-2.649167E+001,6.825299E+001,-2.649611E+001,6.795580E+001,-1.418122E+000,3.239795E+001
17350.000,-1.560745E+000,6.997329E+001,-2.644374E+001,6.799727E+001,-2.647405E+001,6.756638E+001,-1.406368E+000,2.923488E+001
17400.000,-1.553774E+000,6.681726E+001,-2.639566E+001,6.773910E+001,-2.642719E+001,6.730895E+001,-1.407674E+000,2.605195E+001
17450.000,-1.534412E+000,6.369268E+001,-2.637370E+001,6.747940E+001,-2.644032E+001,6.715077E+001,-1.391943E+000,2.282964E+001
17500.000,-1.538851E+000,6.063683E+001,-2.633707E+001,6.731662E+001,-2.642061E+001,6.705586E+001,-1.401750E+000,1.974144E+001
17550.000,-1.521592E+000,5.745998E+001,-2.629749E+001,6.710185E+001,-2.638454E+001,6.700462E+001,-1.384606E+000,1.636576E+001
17600.000,-1.517353E+000,5.440049E+001,-2.625814E+001,6.717446E+001,-2.634962E+001,6.724056E+001,-1.376233E+000,1.338798E+001
17650.000,-1.512115E+000,5.124490E+001,-2.617585E+001,6.724868E+001,-2.624707E+001,6.730400E+001,-1.375499E+000,9.937511E+000
17700.000,-1.494396E+000,4.816591E+001,-2.608396E+001,6.719743E+001,-2.613975E+001,6.731108E+001,-1.355063E+000,6.616790E+000
17750.000,-1.492466E+000,4.515570E+001,-2.595563E+001,6.732227E+001,-2.600696E+001,6.744900E+001,-1.364729E+000,3.480337E+000
17800.000,-1.489502E+000,4.198861E+001,-2.582778E+001,6.717730E+001,-2.587345E+001,6.730054E+001,-1.348532E+000,1.418292E-002
17850.000,-1.490217E+000,3.893784E+001,-2.568082E+001,6.710851E+001,-2.572230E+001,6.725110E+001,-1.353065E+000,-3.096951E+000
17900.000,-1.486895E+000,3.577479E+001,-2.550134E+001,6.682992E+001,-2.553769E+001,6.695031E+001,-1.351284E+000,-6.521197E+000
17950.000,-1.474675E+000,3.267706E+001,-2.533093E+001,6.661388E+001,-2.534376E+001,6.676929E+001,-1.344664E+000,-9.726180E+000
18000.000,-1.479752E+000,2.960667E+001,-2.514254E+001,6.630714E+001,-2.515627E+001,6.642500E+001,-1.357917E+000,-1.309585E+001
18050.000,-1.472927E+000,2.649318E+001,-2.491417E+001,6.566304E+001,-2.492599E+001,6.587291E+001,-1.358089E+000,-1.647346E+001
18100.000,-1.469802E+000,2.337938E+001,-2.470842E+001,6.506133E+001,-2.470631E+001,6.521489E+001,-1.363370E+000,-1.995895E+001
18150.000,-1.471733E+000,2.032486E+001,-2.450096E+001,6.438386E+001,-2.449076E+001,6.450632E+001,-1.370861E+000,-2.327316E+001
18200.000,-1.481063E+000,1.719534E+001,-2.427930E+001,6.357166E+001,-2.425821E+001,6.352935E+001,-1.393985E+000,-2.669660E+001
18250.000,-1.474676E+000,1.399098E+001,-2.403207E+001,6.261843E+001,-2.402087E+001,6.245753E+001,-1.396071E+000,-3.009949E+001
18300.000,-1.481308E+000,1.089633E+001,-2.380976E+001,6.152615E+001,-2.381680E+001,6.121601E+001,-1.426153E+000,-3.363671E+001
18350.000,-1.486799E+000,7.719825E+000,-2.357894E+001,6.035809E+001,-2.360768E+001,6.008427E+001,-1.428337E+000,-3.712931E+001
18400.000,-1.490353E+000,4.527068E+000,-2.334084E+001,5.908544E+001,-2.338017E+001,5.884741E+001,-1.459409E+000,-4.030785E+001
18450.000,-1.496477E+000,1.364608E+000,-2.311924E+001,5.765784E+001,-2.316114E+001,5.754996E+001,-1.488944E+000,-4.407608E+001
18500.000,-1.495107E+000,-1.760767E+000,-2.288251E+001,5.617888E+001,-2.292452E+001,5.604519E+001,-1.493232E+000,-4.739423E+001
18550.000,-1.508502E+000,-4.807173E+000,-2.261701E+001,5.465100E+001,-2.266538E+001,5.454141E+001,-1.558818E+000,-5.084949E+001
18600.000,-1.519328E+000,-8.175249E+000,-2.240690E+001,5.271587E+001,-2.245029E+001,5.271815E+001,-1.575727E+000,-5.465829E+001
18650.000,-1.518487E+000,-1.130130E+001,-2.217957E+001,5.095744E+001,-2.221962E+001,5.090453E+001,-1.612940E+000,-5.799826E+001
18700.000,-1.533506E+000,-1.436779E+001,-2.192477E+001,4.894065E+001,-2.197402E+001,4.891906E+001,-1.672145E+000,-6.159315E+001
18750.000,-1.534480E+000,-1.759313E+001,-2.168657E+001,4.656118E+001,-2.173291E+001,4.655017E+001,-1.721735E+000,-6.514481E+001
18800.000,-1.552516E+000,-2.079075E+001,-2.150827E+001,4.414009E+001,-2.156317E+001,4.409135E+001,-1.779772E+000,-6.860862E+001
18850.000,-1.561556E+000,-2.415194E+001,-2.128879E+001,4.134229E+001,-2.134564E+001,4.145070E+001,-1.842095E+000,-7.195933E+001
18900.000,-1.559936E+000,-2.730208E+001,-2.114064E+001,3.859176E+001,-2.118758E+001,3.881440E+001,-1.914703E+000,-7.547449E+001
18950.000,-1.571185E+000,-3.044794E+001,-2.107244E+001,3.536124E+001,-2.110351E+001,3.558260E+001,-1.981555E+000,-7.865674E+001
19000.000,-1.578759E+000,-3.355092E+001,-2.100697E+001,3.261112E+001,-2.102891E+001,3.279167E+001,-2.066457E+000,-8.180905E+001
19050.000,-1.584883E+000,-3.663700E+001,-2.101175E+001,2.974664E+001,-2.100479E+001,3.001497E+001,-2.114398E+000,-8.510821E+001
19100.000,-1.591381E+000,-3.978328E+001,-2.106908E+001,2.684002E+001,-2.105752E+001,2.699343E+001,-2.172167E+000,-8.816925E+001
19150.000,-1.594606E+000,-4.293527E+001,-2.117681E+001,2.477161E+001,-2.115284E+001,2.468744E+001,-2.200788E+000,-9.125822E+001
19200.000,-1.592132E+000,-4.627263E+001,-2.128474E+001,2.295532E+001,-2.127748E+001,2.272552E+001,-2.221649E+000,-9.435115E+001
19250.000,-1.577412E+000,-4.950426E+001,-2.134594E+001,2.140844E+001,-2.137891E+001,2.113291E+001,-2.233949E+000,-9.771517E+001
19300.000,-1.575132E+000,-5.274574E+001,-2.142354E+001,2.041713E+001,-2.146008E+001,2.025729E+001,-2.232824E+000,-1.009015E+002
19350.000,-1.577094E+000,-5.589270E+001,-2.141399E+001,1.938004E+001,-2.146007E+001,1.936088E+001,-2.269978E+000,-1.044686E+002
19400.000,-1.574384E+000,-5.941696E+001,-2.134573E+001,1.870709E+001,-2.138723E+001,1.877987E+001,-2.269839E+000,-1.081904E+002
19450.000,-1.542001E+000,-6.272835E+001,-2.122953E+001,1.805492E+001,-2.125806E+001,1.817667E+001,-2.302111E+000,-1.115953E+002
19500.000,-1.562425E+000,-6.578682E+001,-2.098712E+001,1.714768E+001,-2.100757E+001,1.726454E+001,-2.374520E+000,-1.152761E+002
19550.000,-1.573287E+000,-6.950146E+001,-2.069875E+001,1.586165E+001,-2.071050E+001,1.586002E+001,-2.450775E+000,-1.189322E+002
19600.000,-1.577190E+000,-7.292054E+001,-2.040051E+001,1.384741E+001,-2.042736E+001,1.390383E+001,-2.551037E+000,-1.224226E+002
19650.000,-1.576961E+000,-7.634030E+001,-2.011419E+001,1.137623E+001,-2.013367E+001,1.140258E+001,-2.669483E+000,-1.254923E+002
19700.000,-1.578120E+000,-7.951633E+001,-1.983719E+001,8.194658E+000,-1.984038E+001,8.170804E+000,-2.828646E+000,-1.285526E+002
19750.000,-1.616634E+000,-8.268615E+001,-1.961387E+001,4.677127E+000,-1.964724E+001,4.643643E+000,-2.956554E+000,-1.316594E+002
19800.000,-1.635424E+000,-8.637259E+001,-1.948045E+001,7.361951E-001,-1.952122E+001,7.291341E-001,-3.038960E+000,-1.342392E+002
19850.000,-1.602223E+000,-8.946990E+001,-1.951497E+001,-3.252163E+000,-1.953817E+001,-3.132755E+000,-3.104337E+000,-1.364560E+002
19900.000,-1.631338E+000,-9.243120E+001,-1.959517E+001,-6.676116E+000,-1.960988E+001,-6.653572E+000,-3.151048E+000,-1.390579E+002
19950.000,-1.633450E+000,-9.575496E+001,-1.967823E+001,-9.650064E+000,-1.969294E+001,-9.553700E+000,-3.126515E+000,-1.418489E+002
20000.000,-1.632218E+000,-9.909998E+001,-1.977713E+001,-1.226636E+001,-1.980286E+001,-1.221270E+001,-3.096524E+000,-1.443757E+002
